# grid=129x129x513, np=4 (1,1,4), dt= 6.104E-05, Nt=30, solver_kind=pascal
rank,t_step,event,time_sec
0,1,rhs, 3.842800000E-05
0,1,solve_z, 4.725590000E-04
0,1,solve_y, 1.552020000E-04
0,1,solve_x, 1.614420000E-04
0,1,etc, 1.492000000E-06
0,1,comm, 5.152800000E-05
0,1,tdma_z_comm, 1.326290000E-04
0,1,tdma_y_comm, 0.000000000E+00
0,1,tdma_x_comm, 0.000000000E+00
0,1,tdma_z_gpu, 2.401599949E-04
0,1,tdma_y_gpu, 0.000000000E+00
0,1,tdma_x_gpu, 0.000000000E+00
0,2,rhs, 3.869800000E-05
0,2,solve_z, 4.637060000E-04
0,2,solve_y, 1.558340000E-04
0,2,solve_x, 1.607010000E-04
0,2,etc, 1.552000000E-06
0,2,comm, 5.273900000E-05
0,2,tdma_z_comm, 1.199800000E-04
0,2,tdma_y_comm, 0.000000000E+00
0,2,tdma_x_comm, 0.000000000E+00
0,2,tdma_z_gpu, 2.418240011E-04
0,2,tdma_y_gpu, 0.000000000E+00
0,2,tdma_x_gpu, 0.000000000E+00
0,3,rhs, 3.825700000E-05
0,3,solve_z, 4.630850000E-04
0,3,solve_y, 1.539910000E-04
0,3,solve_x, 1.585280000E-04
0,3,etc, 1.532000000E-06
0,3,comm, 5.195800000E-05
0,3,tdma_z_comm, 1.169960000E-04
0,3,tdma_y_comm, 0.000000000E+00
0,3,tdma_x_comm, 0.000000000E+00
0,3,tdma_z_gpu, 2.438079966E-04
0,3,tdma_y_gpu, 0.000000000E+00
0,3,tdma_x_gpu, 0.000000000E+00
0,4,rhs, 3.822700000E-05
0,4,solve_z, 4.575970000E-04
0,4,solve_y, 1.537410000E-04
0,4,solve_x, 1.594300000E-04
0,4,etc, 1.482000000E-06
0,4,comm, 5.134700000E-05
0,4,tdma_z_comm, 1.178570000E-04
0,4,tdma_y_comm, 0.000000000E+00
0,4,tdma_x_comm, 0.000000000E+00
0,4,tdma_z_gpu, 2.393280016E-04
0,4,tdma_y_gpu, 0.000000000E+00
0,4,tdma_x_gpu, 0.000000000E+00
0,5,rhs, 3.873800000E-05
0,5,solve_z, 4.628550000E-04
0,5,solve_y, 1.519380000E-04
0,5,solve_x, 1.581080000E-04
0,5,etc, 1.472000000E-06
0,5,comm, 5.447200000E-05
0,5,tdma_z_comm, 1.211920000E-04
0,5,tdma_y_comm, 0.000000000E+00
0,5,tdma_x_comm, 0.000000000E+00
0,5,tdma_z_gpu, 2.411519960E-04
0,5,tdma_y_gpu, 0.000000000E+00
0,5,tdma_x_gpu, 0.000000000E+00
0,6,rhs, 3.876800000E-05
0,6,solve_z, 4.582470000E-04
0,6,solve_y, 1.550230000E-04
0,6,solve_x, 1.615630000E-04
0,6,etc, 1.482000000E-06
0,6,comm, 5.221800000E-05
0,6,tdma_z_comm, 1.155430000E-04
0,6,tdma_y_comm, 0.000000000E+00
0,6,tdma_x_comm, 0.000000000E+00
0,6,tdma_z_gpu, 2.420800021E-04
0,6,tdma_y_gpu, 0.000000000E+00
0,6,tdma_x_gpu, 0.000000000E+00
0,7,rhs, 3.851800000E-05
0,7,solve_z, 4.677710000E-04
0,7,solve_y, 1.551030000E-04
0,7,solve_x, 1.593600000E-04
0,7,etc, 1.463000000E-06
0,7,comm, 5.268900000E-05
0,7,tdma_z_comm, 1.207810000E-04
0,7,tdma_y_comm, 0.000000000E+00
0,7,tdma_x_comm, 0.000000000E+00
0,7,tdma_z_gpu, 2.434880007E-04
0,7,tdma_y_gpu, 0.000000000E+00
0,7,tdma_x_gpu, 0.000000000E+00
0,8,rhs, 3.873800000E-05
0,8,solve_z, 4.654190000E-04
0,8,solve_y, 1.526490000E-04
0,8,solve_x, 1.582380000E-04
0,8,etc, 1.502000000E-06
0,8,comm, 5.259900000E-05
0,8,tdma_z_comm, 1.244250000E-04
0,8,tdma_y_comm, 0.000000000E+00
0,8,tdma_x_comm, 0.000000000E+00
0,8,tdma_z_gpu, 2.394880010E-04
0,8,tdma_y_gpu, 0.000000000E+00
0,8,tdma_x_gpu, 0.000000000E+00
0,9,rhs, 3.900900000E-05
0,9,solve_z, 4.597500000E-04
0,9,solve_y, 1.537910000E-04
0,9,solve_x, 1.597190000E-04
0,9,etc, 1.463000000E-06
0,9,comm, 5.477200000E-05
0,9,tdma_z_comm, 1.172660000E-04
0,9,tdma_y_comm, 0.000000000E+00
0,9,tdma_x_comm, 0.000000000E+00
0,9,tdma_z_gpu, 2.406079937E-04
0,9,tdma_y_gpu, 0.000000000E+00
0,9,tdma_x_gpu, 0.000000000E+00
0,10,rhs, 3.840800000E-05
0,10,solve_z, 4.650270000E-04
0,10,solve_y, 1.530290000E-04
0,10,solve_x, 1.602200000E-04
0,10,etc, 1.502000000E-06
0,10,comm, 5.180700000E-05
0,10,tdma_z_comm, 1.225540000E-04
0,10,tdma_y_comm, 0.000000000E+00
0,10,tdma_x_comm, 0.000000000E+00
0,10,tdma_z_gpu, 2.405439941E-04
0,10,tdma_y_gpu, 0.000000000E+00
0,10,tdma_x_gpu, 0.000000000E+00
0,11,rhs, 3.822700000E-05
0,11,solve_z, 4.605010000E-04
0,11,solve_y, 1.558540000E-04
0,11,solve_x, 1.623040000E-04
0,11,etc, 1.483000000E-06
0,11,comm, 5.446100000E-05
0,11,tdma_z_comm, 1.208510000E-04
0,11,tdma_y_comm, 0.000000000E+00
0,11,tdma_x_comm, 0.000000000E+00
0,11,tdma_z_gpu, 2.383040013E-04
0,11,tdma_y_gpu, 0.000000000E+00
0,11,tdma_x_gpu, 0.000000000E+00
0,12,rhs, 3.851800000E-05
0,12,solve_z, 4.589290000E-04
0,12,solve_y, 1.542020000E-04
0,12,solve_x, 1.600310000E-04
0,12,etc, 3.224000000E-06
0,12,comm, 5.159800000E-05
0,12,tdma_z_comm, 1.192090000E-04
0,12,tdma_y_comm, 0.000000000E+00
0,12,tdma_x_comm, 0.000000000E+00
0,12,tdma_z_gpu, 2.384320023E-04
0,12,tdma_y_gpu, 0.000000000E+00
0,12,tdma_x_gpu, 0.000000000E+00
0,13,rhs, 3.820700000E-05
0,13,solve_z, 4.626240000E-04
0,13,solve_y, 1.556430000E-04
0,13,solve_x, 1.599600000E-04
0,13,etc, 1.472000000E-06
0,13,comm, 5.479200000E-05
0,13,tdma_z_comm, 1.166950000E-04
0,13,tdma_y_comm, 0.000000000E+00
0,13,tdma_x_comm, 0.000000000E+00
0,13,tdma_z_gpu, 2.420800077E-04
0,13,tdma_y_gpu, 0.000000000E+00
0,13,tdma_x_gpu, 0.000000000E+00
0,14,rhs, 3.871800000E-05
0,14,solve_z, 4.604810000E-04
0,14,solve_y, 1.550120000E-04
0,14,solve_x, 1.597600000E-04
0,14,etc, 1.502000000E-06
0,14,comm, 5.187800000E-05
0,14,tdma_z_comm, 1.177670000E-04
0,14,tdma_y_comm, 0.000000000E+00
0,14,tdma_x_comm, 0.000000000E+00
0,14,tdma_z_gpu, 2.419200055E-04
0,14,tdma_y_gpu, 0.000000000E+00
0,14,tdma_x_gpu, 0.000000000E+00
0,15,rhs, 3.848800000E-05
0,15,solve_z, 4.577770000E-04
0,15,solve_y, 1.523490000E-04
0,15,solve_x, 1.607410000E-04
0,15,etc, 1.492000000E-06
0,15,comm, 5.203900000E-05
0,15,tdma_z_comm, 1.197300000E-04
0,15,tdma_y_comm, 0.000000000E+00
0,15,tdma_x_comm, 0.000000000E+00
0,15,tdma_z_gpu, 2.385919979E-04
0,15,tdma_y_gpu, 0.000000000E+00
0,15,tdma_x_gpu, 0.000000000E+00
0,16,rhs, 3.862800000E-05
0,16,solve_z, 4.598900000E-04
0,16,solve_y, 1.533400000E-04
0,16,solve_x, 1.615320000E-04
0,16,etc, 1.452000000E-06
0,16,comm, 5.528300000E-05
0,16,tdma_z_comm, 1.209520000E-04
0,16,tdma_y_comm, 0.000000000E+00
0,16,tdma_x_comm, 0.000000000E+00
0,16,tdma_z_gpu, 2.379839933E-04
0,16,tdma_y_gpu, 0.000000000E+00
0,16,tdma_x_gpu, 0.000000000E+00
0,17,rhs, 3.848700000E-05
0,17,solve_z, 4.672910000E-04
0,17,solve_y, 1.582980000E-04
0,17,solve_x, 1.592590000E-04
0,17,etc, 1.483000000E-06
0,17,comm, 5.256800000E-05
0,17,tdma_z_comm, 1.189990000E-04
0,17,tdma_y_comm, 0.000000000E+00
0,17,tdma_x_comm, 0.000000000E+00
0,17,tdma_z_gpu, 2.434240011E-04
0,17,tdma_y_gpu, 0.000000000E+00
0,17,tdma_x_gpu, 0.000000000E+00
0,18,rhs, 3.822700000E-05
0,18,solve_z, 4.741320000E-04
0,18,solve_y, 1.567650000E-04
0,18,solve_x, 1.596590000E-04
0,18,etc, 1.482000000E-06
0,18,comm, 5.193800000E-05
0,18,tdma_z_comm, 1.386880000E-04
0,18,tdma_y_comm, 0.000000000E+00
0,18,tdma_x_comm, 0.000000000E+00
0,18,tdma_z_gpu, 2.360640001E-04
0,18,tdma_y_gpu, 0.000000000E+00
0,18,tdma_x_gpu, 0.000000000E+00
0,19,rhs, 3.845800000E-05
0,19,solve_z, 4.601610000E-04
0,19,solve_y, 1.548220000E-04
0,19,solve_x, 1.584980000E-04
0,19,etc, 1.482000000E-06
0,19,comm, 5.197800000E-05
0,19,tdma_z_comm, 1.140920000E-04
0,19,tdma_y_comm, 0.000000000E+00
0,19,tdma_x_comm, 0.000000000E+00
0,19,tdma_z_gpu, 2.435839940E-04
0,19,tdma_y_gpu, 0.000000000E+00
0,19,tdma_x_gpu, 0.000000000E+00
0,20,rhs, 3.805700000E-05
0,20,solve_z, 4.605010000E-04
0,20,solve_y, 1.529290000E-04
0,20,solve_x, 1.611920000E-04
0,20,etc, 1.472000000E-06
0,20,comm, 5.187800000E-05
0,20,tdma_z_comm, 1.196000000E-04
0,20,tdma_y_comm, 0.000000000E+00
0,20,tdma_x_comm, 0.000000000E+00
0,20,tdma_z_gpu, 2.399680018E-04
0,20,tdma_y_gpu, 0.000000000E+00
0,20,tdma_x_gpu, 0.000000000E+00
1,1,rhs, 3.941900000E-05
1,1,solve_z, 4.766650000E-04
1,1,solve_y, 1.551930000E-04
1,1,solve_x, 1.579270000E-04
1,1,etc, 1.792000000E-06
1,1,comm, 5.778700000E-05
1,1,tdma_z_comm, 1.329390000E-04
1,1,tdma_y_comm, 0.000000000E+00
1,1,tdma_x_comm, 0.000000000E+00
1,1,tdma_z_gpu, 2.392320018E-04
1,1,tdma_y_gpu, 0.000000000E+00
1,1,tdma_x_gpu, 0.000000000E+00
1,2,rhs, 4.156200000E-05
1,2,solve_z, 4.678020000E-04
1,2,solve_y, 1.565650000E-04
1,2,solve_x, 1.626140000E-04
1,2,etc, 1.643000000E-06
1,2,comm, 5.975900000E-05
1,2,tdma_z_comm, 1.177570000E-04
1,2,tdma_y_comm, 0.000000000E+00
1,2,tdma_x_comm, 0.000000000E+00
1,2,tdma_z_gpu, 2.426560000E-04
1,2,tdma_y_gpu, 0.000000000E+00
1,2,tdma_x_gpu, 0.000000000E+00
1,3,rhs, 3.891900000E-05
1,3,solve_z, 4.679930000E-04
1,3,solve_y, 1.589180000E-04
1,3,solve_x, 1.598100000E-04
1,3,etc, 1.672000000E-06
1,3,comm, 5.916800000E-05
1,3,tdma_z_comm, 1.187490000E-04
1,3,tdma_y_comm, 0.000000000E+00
1,3,tdma_x_comm, 0.000000000E+00
1,3,tdma_z_gpu, 2.445759932E-04
1,3,tdma_y_gpu, 0.000000000E+00
1,3,tdma_x_gpu, 0.000000000E+00
1,4,rhs, 3.935900000E-05
1,4,solve_z, 4.605310000E-04
1,4,solve_y, 1.556430000E-04
1,4,solve_x, 1.604100000E-04
1,4,etc, 1.793000000E-06
1,4,comm, 5.807700000E-05
1,4,tdma_z_comm, 1.147630000E-04
1,4,tdma_y_comm, 0.000000000E+00
1,4,tdma_x_comm, 0.000000000E+00
1,4,tdma_z_gpu, 2.405440025E-04
1,4,tdma_y_gpu, 0.000000000E+00
1,4,tdma_x_gpu, 0.000000000E+00
1,5,rhs, 3.910900000E-05
1,5,solve_z, 4.753130000E-04
1,5,solve_y, 1.531890000E-04
1,5,solve_x, 1.626040000E-04
1,5,etc, 1.623000000E-06
1,5,comm, 5.897900000E-05
1,5,tdma_z_comm, 1.207720000E-04
1,5,tdma_y_comm, 0.000000000E+00
1,5,tdma_x_comm, 0.000000000E+00
1,5,tdma_z_gpu, 2.431679983E-04
1,5,tdma_y_gpu, 0.000000000E+00
1,5,tdma_x_gpu, 0.000000000E+00
1,6,rhs, 3.935900000E-05
1,6,solve_z, 4.606210000E-04
1,6,solve_y, 1.569450000E-04
1,6,solve_x, 1.657390000E-04
1,6,etc, 1.613000000E-06
1,6,comm, 5.748700000E-05
1,6,tdma_z_comm, 1.146520000E-04
1,6,tdma_y_comm, 0.000000000E+00
1,6,tdma_x_comm, 0.000000000E+00
1,6,tdma_z_gpu, 2.427199949E-04
1,6,tdma_y_gpu, 0.000000000E+00
1,6,tdma_x_gpu, 0.000000000E+00
1,7,rhs, 3.916900000E-05
1,7,solve_z, 4.674110000E-04
1,7,solve_y, 1.575570000E-04
1,7,solve_x, 1.626940000E-04
1,7,etc, 1.632000000E-06
1,7,comm, 5.817700000E-05
1,7,tdma_z_comm, 1.195290000E-04
1,7,tdma_y_comm, 0.000000000E+00
1,7,tdma_x_comm, 0.000000000E+00
1,7,tdma_z_gpu, 2.418240085E-04
1,7,tdma_y_gpu, 0.000000000E+00
1,7,tdma_x_gpu, 0.000000000E+00
1,8,rhs, 3.914900000E-05
1,8,solve_z, 4.688430000E-04
1,8,solve_y, 1.576970000E-04
1,8,solve_x, 1.597800000E-04
1,8,etc, 1.633000000E-06
1,8,comm, 5.853800000E-05
1,8,tdma_z_comm, 1.129100000E-04
1,8,tdma_y_comm, 0.000000000E+00
1,8,tdma_x_comm, 0.000000000E+00
1,8,tdma_z_gpu, 2.437439971E-04
1,8,tdma_y_gpu, 0.000000000E+00
1,8,tdma_x_gpu, 0.000000000E+00
1,9,rhs, 3.946900000E-05
1,9,solve_z, 4.622440000E-04
1,9,solve_y, 1.562140000E-04
1,9,solve_x, 1.585880000E-04
1,9,etc, 1.632000000E-06
1,9,comm, 5.916900000E-05
1,9,tdma_z_comm, 1.150820000E-04
1,9,tdma_y_comm, 0.000000000E+00
1,9,tdma_x_comm, 0.000000000E+00
1,9,tdma_z_gpu, 2.413760042E-04
1,9,tdma_y_gpu, 0.000000000E+00
1,9,tdma_x_gpu, 0.000000000E+00
1,10,rhs, 3.911900000E-05
1,10,solve_z, 4.675720000E-04
1,10,solve_y, 1.554630000E-04
1,10,solve_x, 1.616020000E-04
1,10,etc, 1.793000000E-06
1,10,comm, 5.836800000E-05
1,10,tdma_z_comm, 1.144020000E-04
1,10,tdma_y_comm, 0.000000000E+00
1,10,tdma_x_comm, 0.000000000E+00
1,10,tdma_z_gpu, 2.423360050E-04
1,10,tdma_y_gpu, 0.000000000E+00
1,10,tdma_x_gpu, 0.000000000E+00
1,11,rhs, 3.906900000E-05
1,11,solve_z, 4.623540000E-04
1,11,solve_y, 1.579670000E-04
1,11,solve_x, 1.613920000E-04
1,11,etc, 1.622000000E-06
1,11,comm, 6.055100000E-05
1,11,tdma_z_comm, 1.112670000E-04
1,11,tdma_y_comm, 0.000000000E+00
1,11,tdma_x_comm, 0.000000000E+00
1,11,tdma_z_gpu, 2.407360002E-04
1,11,tdma_y_gpu, 0.000000000E+00
1,11,tdma_x_gpu, 0.000000000E+00
1,12,rhs, 3.918900000E-05
1,12,solve_z, 4.617330000E-04
1,12,solve_y, 1.540610000E-04
1,12,solve_x, 1.609420000E-04
1,12,etc, 4.226000000E-06
1,12,comm, 5.847800000E-05
1,12,tdma_z_comm, 1.069010000E-04
1,12,tdma_y_comm, 0.000000000E+00
1,12,tdma_x_comm, 0.000000000E+00
1,12,tdma_z_gpu, 2.437759964E-04
1,12,tdma_y_gpu, 0.000000000E+00
1,12,tdma_x_gpu, 0.000000000E+00
1,13,rhs, 3.988000000E-05
1,13,solve_z, 4.641870000E-04
1,13,solve_y, 1.587380000E-04
1,13,solve_x, 1.622340000E-04
1,13,etc, 1.612000000E-06
1,13,comm, 5.832700000E-05
1,13,tdma_z_comm, 1.151430000E-04
1,13,tdma_y_comm, 0.000000000E+00
1,13,tdma_x_comm, 0.000000000E+00
1,13,tdma_z_gpu, 2.415999966E-04
1,13,tdma_y_gpu, 0.000000000E+00
1,13,tdma_x_gpu, 0.000000000E+00
1,14,rhs, 3.936900000E-05
1,14,solve_z, 4.635560000E-04
1,14,solve_y, 1.550930000E-04
1,14,solve_x, 1.600000000E-04
1,14,etc, 1.772000000E-06
1,14,comm, 5.744600000E-05
1,14,tdma_z_comm, 1.099160000E-04
1,14,tdma_y_comm, 0.000000000E+00
1,14,tdma_x_comm, 0.000000000E+00
1,14,tdma_z_gpu, 2.433279939E-04
1,14,tdma_y_gpu, 0.000000000E+00
1,14,tdma_x_gpu, 0.000000000E+00
1,15,rhs, 3.935900000E-05
1,15,solve_z, 4.682930000E-04
1,15,solve_y, 1.549930000E-04
1,15,solve_x, 1.595400000E-04
1,15,etc, 1.763000000E-06
1,15,comm, 5.823700000E-05
1,15,tdma_z_comm, 1.194090000E-04
1,15,tdma_y_comm, 0.000000000E+00
1,15,tdma_x_comm, 0.000000000E+00
1,15,tdma_z_gpu, 2.431359934E-04
1,15,tdma_y_gpu, 0.000000000E+00
1,15,tdma_x_gpu, 0.000000000E+00
1,16,rhs, 3.906900000E-05
1,16,solve_z, 4.628850000E-04
1,16,solve_y, 1.545120000E-04
1,16,solve_x, 1.605910000E-04
1,16,etc, 1.753000000E-06
1,16,comm, 6.218400000E-05
1,16,tdma_z_comm, 1.093730000E-04
1,16,tdma_y_comm, 0.000000000E+00
1,16,tdma_x_comm, 0.000000000E+00
1,16,tdma_z_gpu, 2.433280041E-04
1,16,tdma_y_gpu, 0.000000000E+00
1,16,tdma_x_gpu, 0.000000000E+00
1,17,rhs, 3.919900000E-05
1,17,solve_z, 4.686940000E-04
1,17,solve_y, 1.544220000E-04
1,17,solve_x, 1.620630000E-04
1,17,etc, 1.582000000E-06
1,17,comm, 5.753700000E-05
1,17,tdma_z_comm, 1.130090000E-04
1,17,tdma_y_comm, 0.000000000E+00
1,17,tdma_x_comm, 0.000000000E+00
1,17,tdma_z_gpu, 2.426240025E-04
1,17,tdma_y_gpu, 0.000000000E+00
1,17,tdma_x_gpu, 0.000000000E+00
1,18,rhs, 3.925900000E-05
1,18,solve_z, 4.862300000E-04
1,18,solve_y, 1.548830000E-04
1,18,solve_x, 1.609220000E-04
1,18,etc, 1.603000000E-06
1,18,comm, 5.750700000E-05
1,18,tdma_z_comm, 1.322280000E-04
1,18,tdma_y_comm, 0.000000000E+00
1,18,tdma_x_comm, 0.000000000E+00
1,18,tdma_z_gpu, 2.440320058E-04
1,18,tdma_y_gpu, 0.000000000E+00
1,18,tdma_x_gpu, 0.000000000E+00
1,19,rhs, 3.910900000E-05
1,19,solve_z, 4.618330000E-04
1,19,solve_y, 1.558140000E-04
1,19,solve_x, 1.604600000E-04
1,19,etc, 1.592000000E-06
1,19,comm, 5.820700000E-05
1,19,tdma_z_comm, 1.145920000E-04
1,19,tdma_y_comm, 0.000000000E+00
1,19,tdma_x_comm, 0.000000000E+00
1,19,tdma_z_gpu, 2.389119947E-04
1,19,tdma_y_gpu, 0.000000000E+00
1,19,tdma_x_gpu, 0.000000000E+00
1,20,rhs, 3.903800000E-05
1,20,solve_z, 4.613320000E-04
1,20,solve_y, 1.552130000E-04
1,20,solve_x, 1.603310000E-04
1,20,etc, 1.613000000E-06
1,20,comm, 6.170200000E-05
1,20,tdma_z_comm, 1.151320000E-04
1,20,tdma_y_comm, 0.000000000E+00
1,20,tdma_x_comm, 0.000000000E+00
1,20,tdma_z_gpu, 2.394239986E-04
1,20,tdma_y_gpu, 0.000000000E+00
1,20,tdma_x_gpu, 0.000000000E+00
2,1,rhs, 3.834800000E-05
2,1,solve_z, 4.625340000E-04
2,1,solve_y, 1.601210000E-04
2,1,solve_x, 1.619230000E-04
2,1,etc, 1.513000000E-06
2,1,comm, 5.732600000E-05
2,1,tdma_z_comm, 1.180470000E-04
2,1,tdma_y_comm, 0.000000000E+00
2,1,tdma_x_comm, 0.000000000E+00
2,1,tdma_z_gpu, 2.402239963E-04
2,1,tdma_y_gpu, 0.000000000E+00
2,1,tdma_x_gpu, 0.000000000E+00
2,2,rhs, 3.835700000E-05
2,2,solve_z, 4.550830000E-04
2,2,solve_y, 1.603100000E-04
2,2,solve_x, 1.666100000E-04
2,2,etc, 1.622000000E-06
2,2,comm, 5.960000000E-05
2,2,tdma_z_comm, 1.147430000E-04
2,2,tdma_y_comm, 0.000000000E+00
2,2,tdma_x_comm, 0.000000000E+00
2,2,tdma_z_gpu, 2.362239957E-04
2,2,tdma_y_gpu, 0.000000000E+00
2,2,tdma_x_gpu, 0.000000000E+00
2,3,rhs, 3.833800000E-05
2,3,solve_z, 4.531200000E-04
2,3,solve_y, 1.626640000E-04
2,3,solve_x, 1.607610000E-04
2,3,etc, 1.552000000E-06
2,3,comm, 5.843800000E-05
2,3,tdma_z_comm, 1.119680000E-04
2,3,tdma_y_comm, 0.000000000E+00
2,3,tdma_x_comm, 0.000000000E+00
2,3,tdma_z_gpu, 2.374719959E-04
2,3,tdma_y_gpu, 0.000000000E+00
2,3,tdma_x_gpu, 0.000000000E+00
2,4,rhs, 3.838800000E-05
2,4,solve_z, 4.481620000E-04
2,4,solve_y, 1.555640000E-04
2,4,solve_x, 1.661300000E-04
2,4,etc, 1.512000000E-06
2,4,comm, 5.817700000E-05
2,4,tdma_z_comm, 1.066210000E-04
2,4,tdma_y_comm, 0.000000000E+00
2,4,tdma_x_comm, 0.000000000E+00
2,4,tdma_z_gpu, 2.357120058E-04
2,4,tdma_y_gpu, 0.000000000E+00
2,4,tdma_x_gpu, 0.000000000E+00
2,5,rhs, 3.820800000E-05
2,5,solve_z, 4.566260000E-04
2,5,solve_y, 1.595190000E-04
2,5,solve_x, 1.609610000E-04
2,5,etc, 1.502000000E-06
2,5,comm, 5.872800000E-05
2,5,tdma_z_comm, 1.130400000E-04
2,5,tdma_y_comm, 0.000000000E+00
2,5,tdma_x_comm, 0.000000000E+00
2,5,tdma_z_gpu, 2.388800085E-04
2,5,tdma_y_gpu, 0.000000000E+00
2,5,tdma_x_gpu, 0.000000000E+00
2,6,rhs, 3.827800000E-05
2,6,solve_z, 4.543620000E-04
2,6,solve_y, 1.585080000E-04
2,6,solve_x, 1.610720000E-04
2,6,etc, 1.502000000E-06
2,6,comm, 5.739600000E-05
2,6,tdma_z_comm, 1.094440000E-04
2,6,tdma_y_comm, 0.000000000E+00
2,6,tdma_x_comm, 0.000000000E+00
2,6,tdma_z_gpu, 2.415359924E-04
2,6,tdma_y_gpu, 0.000000000E+00
2,6,tdma_x_gpu, 0.000000000E+00
2,7,rhs, 3.851800000E-05
2,7,solve_z, 4.592990000E-04
2,7,solve_y, 1.569050000E-04
2,7,solve_x, 1.622930000E-04
2,7,etc, 1.512000000E-06
2,7,comm, 5.755700000E-05
2,7,tdma_z_comm, 1.149220000E-04
2,7,tdma_y_comm, 0.000000000E+00
2,7,tdma_x_comm, 0.000000000E+00
2,7,tdma_z_gpu, 2.406719970E-04
2,7,tdma_y_gpu, 0.000000000E+00
2,7,tdma_x_gpu, 0.000000000E+00
2,8,rhs, 3.823800000E-05
2,8,solve_z, 4.594990000E-04
2,8,solve_y, 1.619030000E-04
2,8,solve_x, 1.657680000E-04
2,8,etc, 1.512000000E-06
2,8,comm, 5.835800000E-05
2,8,tdma_z_comm, 1.093940000E-04
2,8,tdma_y_comm, 0.000000000E+00
2,8,tdma_x_comm, 0.000000000E+00
2,8,tdma_z_gpu, 2.455679961E-04
2,8,tdma_y_gpu, 0.000000000E+00
2,8,tdma_x_gpu, 0.000000000E+00
2,9,rhs, 3.867800000E-05
2,9,solve_z, 4.553330000E-04
2,9,solve_y, 1.571960000E-04
2,9,solve_x, 1.620530000E-04
2,9,etc, 1.512000000E-06
2,9,comm, 5.986000000E-05
2,9,tdma_z_comm, 1.103950000E-04
2,9,tdma_y_comm, 0.000000000E+00
2,9,tdma_x_comm, 0.000000000E+00
2,9,tdma_z_gpu, 2.409279989E-04
2,9,tdma_y_gpu, 0.000000000E+00
2,9,tdma_x_gpu, 0.000000000E+00
2,10,rhs, 3.886900000E-05
2,10,solve_z, 4.537000000E-04
2,10,solve_y, 1.625040000E-04
2,10,solve_x, 1.622040000E-04
2,10,etc, 1.512000000E-06
2,10,comm, 5.775600000E-05
2,10,tdma_z_comm, 1.125780000E-04
2,10,tdma_y_comm, 0.000000000E+00
2,10,tdma_x_comm, 0.000000000E+00
2,10,tdma_z_gpu, 2.392959995E-04
2,10,tdma_y_gpu, 0.000000000E+00
2,10,tdma_x_gpu, 0.000000000E+00
2,11,rhs, 3.828800000E-05
2,11,solve_z, 4.557640000E-04
2,11,solve_y, 1.601710000E-04
2,11,solve_x, 1.614220000E-04
2,11,etc, 1.533000000E-06
2,11,comm, 6.036000000E-05
2,11,tdma_z_comm, 1.065590000E-04
2,11,tdma_y_comm, 0.000000000E+00
2,11,tdma_x_comm, 0.000000000E+00
2,11,tdma_z_gpu, 2.423039982E-04
2,11,tdma_y_gpu, 0.000000000E+00
2,11,tdma_x_gpu, 0.000000000E+00
2,12,rhs, 3.867800000E-05
2,12,solve_z, 4.500860000E-04
2,12,solve_y, 1.551430000E-04
2,12,solve_x, 1.623340000E-04
2,12,etc, 3.655000000E-06
2,12,comm, 5.780700000E-05
2,12,tdma_z_comm, 1.080730000E-04
2,12,tdma_y_comm, 0.000000000E+00
2,12,tdma_x_comm, 0.000000000E+00
2,12,tdma_z_gpu, 2.383040003E-04
2,12,tdma_y_gpu, 0.000000000E+00
2,12,tdma_x_gpu, 0.000000000E+00
2,13,rhs, 3.876800000E-05
2,13,solve_z, 4.502960000E-04
2,13,solve_y, 1.571660000E-04
2,13,solve_x, 1.613920000E-04
2,13,etc, 1.522000000E-06
2,13,comm, 5.936900000E-05
2,13,tdma_z_comm, 1.069610000E-04
2,13,tdma_y_comm, 0.000000000E+00
2,13,tdma_x_comm, 0.000000000E+00
2,13,tdma_z_gpu, 2.389760045E-04
2,13,tdma_y_gpu, 0.000000000E+00
2,13,tdma_x_gpu, 0.000000000E+00
2,14,rhs, 3.886800000E-05
2,14,solve_z, 4.523890000E-04
2,14,solve_y, 1.606210000E-04
2,14,solve_x, 1.623230000E-04
2,14,etc, 1.543000000E-06
2,14,comm, 5.698600000E-05
2,14,tdma_z_comm, 1.081120000E-04
2,14,tdma_y_comm, 0.000000000E+00
2,14,tdma_x_comm, 0.000000000E+00
2,14,tdma_z_gpu, 2.414719975E-04
2,14,tdma_y_gpu, 0.000000000E+00
2,14,tdma_x_gpu, 0.000000000E+00
2,15,rhs, 3.921900000E-05
2,15,solve_z, 4.613620000E-04
2,15,solve_y, 1.609120000E-04
2,15,solve_x, 1.674410000E-04
2,15,etc, 1.492000000E-06
2,15,comm, 5.786700000E-05
2,15,tdma_z_comm, 1.206800000E-04
2,15,tdma_y_comm, 0.000000000E+00
2,15,tdma_x_comm, 0.000000000E+00
2,15,tdma_z_gpu, 2.377279922E-04
2,15,tdma_y_gpu, 0.000000000E+00
2,15,tdma_x_gpu, 0.000000000E+00
2,16,rhs, 3.819700000E-05
2,16,solve_z, 4.507260000E-04
2,16,solve_y, 1.603410000E-04
2,16,solve_x, 1.631150000E-04
2,16,etc, 1.542000000E-06
2,16,comm, 6.202300000E-05
2,16,tdma_z_comm, 1.087740000E-04
2,16,tdma_y_comm, 0.000000000E+00
2,16,tdma_x_comm, 0.000000000E+00
2,16,tdma_z_gpu, 2.377920076E-04
2,16,tdma_y_gpu, 0.000000000E+00
2,16,tdma_x_gpu, 0.000000000E+00
2,17,rhs, 3.855800000E-05
2,17,solve_z, 4.527400000E-04
2,17,solve_y, 1.604610000E-04
2,17,solve_x, 1.622640000E-04
2,17,etc, 1.512000000E-06
2,17,comm, 5.802700000E-05
2,17,tdma_z_comm, 1.099340000E-04
2,17,tdma_y_comm, 0.000000000E+00
2,17,tdma_x_comm, 0.000000000E+00
2,17,tdma_z_gpu, 2.385279955E-04
2,17,tdma_y_gpu, 0.000000000E+00
2,17,tdma_x_gpu, 0.000000000E+00
2,18,rhs, 3.822700000E-05
2,18,solve_z, 4.706470000E-04
2,18,solve_y, 1.578970000E-04
2,18,solve_x, 1.651580000E-04
2,18,etc, 1.502000000E-06
2,18,comm, 5.741600000E-05
2,18,tdma_z_comm, 1.284520000E-04
2,18,tdma_y_comm, 0.000000000E+00
2,18,tdma_x_comm, 0.000000000E+00
2,18,tdma_z_gpu, 2.393919975E-04
2,18,tdma_y_gpu, 0.000000000E+00
2,18,tdma_x_gpu, 0.000000000E+00
2,19,rhs, 3.824700000E-05
2,19,solve_z, 4.531700000E-04
2,19,solve_y, 1.601710000E-04
2,19,solve_x, 1.637450000E-04
2,19,etc, 1.503000000E-06
2,19,comm, 5.730600000E-05
2,19,tdma_z_comm, 1.087220000E-04
2,19,tdma_y_comm, 0.000000000E+00
2,19,tdma_x_comm, 0.000000000E+00
2,19,tdma_z_gpu, 2.418240067E-04
2,19,tdma_y_gpu, 0.000000000E+00
2,19,tdma_x_gpu, 0.000000000E+00
2,20,rhs, 3.854800000E-05
2,20,solve_z, 4.556440000E-04
2,20,solve_y, 1.570460000E-04
2,20,solve_x, 1.658790000E-04
2,20,etc, 1.542000000E-06
2,20,comm, 6.124100000E-05
2,20,tdma_z_comm, 1.082330000E-04
2,20,tdma_y_comm, 0.000000000E+00
2,20,tdma_x_comm, 0.000000000E+00
2,20,tdma_z_gpu, 2.422399940E-04
2,20,tdma_y_gpu, 0.000000000E+00
2,20,tdma_x_gpu, 0.000000000E+00
3,1,rhs, 3.852800000E-05
3,1,solve_z, 4.708070000E-04
3,1,solve_y, 1.567050000E-04
3,1,solve_x, 1.668000000E-04
3,1,etc, 1.633000000E-06
3,1,comm, 5.130700000E-05
3,1,tdma_z_comm, 1.284040000E-04
3,1,tdma_y_comm, 0.000000000E+00
3,1,tdma_x_comm, 0.000000000E+00
3,1,tdma_z_gpu, 2.392319925E-04
3,1,tdma_y_gpu, 0.000000000E+00
3,1,tdma_x_gpu, 0.000000000E+00
3,2,rhs, 4.243300000E-05
3,2,solve_z, 4.667200000E-04
3,2,solve_y, 1.567550000E-04
3,2,solve_x, 1.636260000E-04
3,2,etc, 1.582000000E-06
3,2,comm, 5.294000000E-05
3,2,tdma_z_comm, 1.217220000E-04
3,2,tdma_y_comm, 0.000000000E+00
3,2,tdma_x_comm, 0.000000000E+00
3,2,tdma_z_gpu, 2.389440071E-04
3,2,tdma_y_gpu, 0.000000000E+00
3,2,tdma_x_gpu, 0.000000000E+00
3,3,rhs, 3.853800000E-05
3,3,solve_z, 4.600610000E-04
3,3,solve_y, 1.610320000E-04
3,3,solve_x, 1.647670000E-04
3,3,etc, 1.563000000E-06
3,3,comm, 5.137700000E-05
3,3,tdma_z_comm, 1.203900000E-04
3,3,tdma_y_comm, 0.000000000E+00
3,3,tdma_x_comm, 0.000000000E+00
3,3,tdma_z_gpu, 2.354239952E-04
3,3,tdma_y_gpu, 0.000000000E+00
3,3,tdma_x_gpu, 0.000000000E+00
3,4,rhs, 3.825800000E-05
3,4,solve_z, 4.554140000E-04
3,4,solve_y, 1.564850000E-04
3,4,solve_x, 1.653090000E-04
3,4,etc, 1.543000000E-06
3,4,comm, 5.080700000E-05
3,4,tdma_z_comm, 1.152530000E-04
3,4,tdma_y_comm, 0.000000000E+00
3,4,tdma_x_comm, 0.000000000E+00
3,4,tdma_z_gpu, 2.374079945E-04
3,4,tdma_y_gpu, 0.000000000E+00
3,4,tdma_x_gpu, 0.000000000E+00
3,5,rhs, 3.871800000E-05
3,5,solve_z, 4.674910000E-04
3,5,solve_y, 1.602400000E-04
3,5,solve_x, 1.626540000E-04
3,5,etc, 1.582000000E-06
3,5,comm, 5.315000000E-05
3,5,tdma_z_comm, 1.225930000E-04
3,5,tdma_y_comm, 0.000000000E+00
3,5,tdma_x_comm, 0.000000000E+00
3,5,tdma_z_gpu, 2.404479980E-04
3,5,tdma_y_gpu, 0.000000000E+00
3,5,tdma_x_gpu, 0.000000000E+00
3,6,rhs, 3.847800000E-05
3,6,solve_z, 4.588790000E-04
3,6,solve_y, 1.550030000E-04
3,6,solve_x, 1.651980000E-04
3,6,etc, 1.542000000E-06
3,6,comm, 4.997500000E-05
3,6,tdma_z_comm, 1.182770000E-04
3,6,tdma_y_comm, 0.000000000E+00
3,6,tdma_x_comm, 0.000000000E+00
3,6,tdma_z_gpu, 2.365439963E-04
3,6,tdma_y_gpu, 0.000000000E+00
3,6,tdma_x_gpu, 0.000000000E+00
3,7,rhs, 3.829800000E-05
3,7,solve_z, 4.637560000E-04
3,7,solve_y, 1.573660000E-04
3,7,solve_x, 1.609110000E-04
3,7,etc, 1.563000000E-06
3,7,comm, 5.137700000E-05
3,7,tdma_z_comm, 1.203310000E-04
3,7,tdma_y_comm, 0.000000000E+00
3,7,tdma_x_comm, 0.000000000E+00
3,7,tdma_z_gpu, 2.381120063E-04
3,7,tdma_y_gpu, 0.000000000E+00
3,7,tdma_x_gpu, 0.000000000E+00
3,8,rhs, 3.874900000E-05
3,8,solve_z, 4.607810000E-04
3,8,solve_y, 1.579370000E-04
3,8,solve_x, 1.665600000E-04
3,8,etc, 1.592000000E-06
3,8,comm, 5.039600000E-05
3,8,tdma_z_comm, 1.183180000E-04
3,8,tdma_y_comm, 0.000000000E+00
3,8,tdma_x_comm, 0.000000000E+00
3,8,tdma_z_gpu, 2.370559955E-04
3,8,tdma_y_gpu, 0.000000000E+00
3,8,tdma_x_gpu, 0.000000000E+00
3,9,rhs, 3.897900000E-05
3,9,solve_z, 4.585790000E-04
3,9,solve_y, 1.576970000E-04
3,9,solve_x, 1.642170000E-04
3,9,etc, 1.522000000E-06
3,9,comm, 5.451200000E-05
3,9,tdma_z_comm, 1.153730000E-04
3,9,tdma_y_comm, 0.000000000E+00
3,9,tdma_x_comm, 0.000000000E+00
3,9,tdma_z_gpu, 2.375680041E-04
3,9,tdma_y_gpu, 0.000000000E+00
3,9,tdma_x_gpu, 0.000000000E+00
3,10,rhs, 3.861800000E-05
3,10,solve_z, 4.631350000E-04
3,10,solve_y, 1.596290000E-04
3,10,solve_x, 1.661290000E-04
3,10,etc, 1.522000000E-06
3,10,comm, 5.099700000E-05
3,10,tdma_z_comm, 1.152530000E-04
3,10,tdma_y_comm, 0.000000000E+00
3,10,tdma_x_comm, 0.000000000E+00
3,10,tdma_z_gpu, 2.382080024E-04
3,10,tdma_y_gpu, 0.000000000E+00
3,10,tdma_x_gpu, 0.000000000E+00
3,11,rhs, 3.850800000E-05
3,11,solve_z, 4.581180000E-04
3,11,solve_y, 1.568760000E-04
3,11,solve_x, 1.660290000E-04
3,11,etc, 1.572000000E-06
3,11,comm, 5.060600000E-05
3,11,tdma_z_comm, 1.163940000E-04
3,11,tdma_y_comm, 0.000000000E+00
3,11,tdma_x_comm, 0.000000000E+00
3,11,tdma_z_gpu, 2.385279974E-04
3,11,tdma_y_gpu, 0.000000000E+00
3,11,tdma_x_gpu, 0.000000000E+00
3,12,rhs, 3.877800000E-05
3,12,solve_z, 4.528800000E-04
3,12,solve_y, 1.592390000E-04
3,12,solve_x, 1.643170000E-04
3,12,etc, 3.766000000E-06
3,12,comm, 4.967500000E-05
3,12,tdma_z_comm, 1.120880000E-04
3,12,tdma_y_comm, 0.000000000E+00
3,12,tdma_x_comm, 0.000000000E+00
3,12,tdma_z_gpu, 2.378239976E-04
3,12,tdma_y_gpu, 0.000000000E+00
3,12,tdma_x_gpu, 0.000000000E+00
3,13,rhs, 3.860800000E-05
3,13,solve_z, 4.640960000E-04
3,13,solve_y, 1.599600000E-04
3,13,solve_x, 1.621740000E-04
3,13,etc, 1.562000000E-06
3,13,comm, 4.938400000E-05
3,13,tdma_z_comm, 1.126190000E-04
3,13,tdma_y_comm, 0.000000000E+00
3,13,tdma_x_comm, 0.000000000E+00
3,13,tdma_z_gpu, 2.438079976E-04
3,13,tdma_y_gpu, 0.000000000E+00
3,13,tdma_x_gpu, 0.000000000E+00
3,14,rhs, 3.900900000E-05
3,14,solve_z, 4.591590000E-04
3,14,solve_y, 1.619730000E-04
3,14,solve_x, 1.615330000E-04
3,14,etc, 1.562000000E-06
3,14,comm, 5.028500000E-05
3,14,tdma_z_comm, 1.172960000E-04
3,14,tdma_y_comm, 0.000000000E+00
3,14,tdma_x_comm, 0.000000000E+00
3,14,tdma_z_gpu, 2.384959953E-04
3,14,tdma_y_gpu, 0.000000000E+00
3,14,tdma_x_gpu, 0.000000000E+00
3,15,rhs, 3.854800000E-05
3,15,solve_z, 4.678620000E-04
3,15,solve_y, 1.613320000E-04
3,15,solve_x, 1.680020000E-04
3,15,etc, 1.543000000E-06
3,15,comm, 4.993500000E-05
3,15,tdma_z_comm, 1.212820000E-04
3,15,tdma_y_comm, 0.000000000E+00
3,15,tdma_x_comm, 0.000000000E+00
3,15,tdma_z_gpu, 2.420799956E-04
3,15,tdma_y_gpu, 0.000000000E+00
3,15,tdma_x_gpu, 0.000000000E+00
3,16,rhs, 3.862800000E-05
3,16,solve_z, 4.563750000E-04
3,16,solve_y, 1.571750000E-04
3,16,solve_x, 1.657480000E-04
3,16,etc, 1.512000000E-06
3,16,comm, 5.097600000E-05
3,16,tdma_z_comm, 1.158840000E-04
3,16,tdma_y_comm, 0.000000000E+00
3,16,tdma_x_comm, 0.000000000E+00
3,16,tdma_z_gpu, 2.371840021E-04
3,16,tdma_y_gpu, 0.000000000E+00
3,16,tdma_x_gpu, 0.000000000E+00
3,17,rhs, 3.864800000E-05
3,17,solve_z, 4.645680000E-04
3,17,solve_y, 1.568850000E-04
3,17,solve_x, 1.653080000E-04
3,17,etc, 1.593000000E-06
3,17,comm, 5.076700000E-05
3,17,tdma_z_comm, 1.190290000E-04
3,17,tdma_y_comm, 0.000000000E+00
3,17,tdma_x_comm, 0.000000000E+00
3,17,tdma_z_gpu, 2.389119947E-04
3,17,tdma_y_gpu, 0.000000000E+00
3,17,tdma_x_gpu, 0.000000000E+00
3,18,rhs, 3.866800000E-05
3,18,solve_z, 4.902750000E-04
3,18,solve_y, 1.581470000E-04
3,18,solve_x, 1.662300000E-04
3,18,etc, 1.552000000E-06
3,18,comm, 5.037600000E-05
3,18,tdma_z_comm, 1.474010000E-04
3,18,tdma_y_comm, 0.000000000E+00
3,18,tdma_x_comm, 0.000000000E+00
3,18,tdma_z_gpu, 2.398399925E-04
3,18,tdma_y_gpu, 0.000000000E+00
3,18,tdma_x_gpu, 0.000000000E+00
3,19,rhs, 3.873800000E-05
3,19,solve_z, 4.609320000E-04
3,19,solve_y, 1.553630000E-04
3,19,solve_x, 1.650270000E-04
3,19,etc, 1.592000000E-06
3,19,comm, 5.044600000E-05
3,19,tdma_z_comm, 1.151740000E-04
3,19,tdma_y_comm, 0.000000000E+00
3,19,tdma_x_comm, 0.000000000E+00
3,19,tdma_z_gpu, 2.389440052E-04
3,19,tdma_y_gpu, 0.000000000E+00
3,19,tdma_x_gpu, 0.000000000E+00
3,20,rhs, 3.852800000E-05
3,20,solve_z, 4.582480000E-04
3,20,solve_y, 1.571350000E-04
3,20,solve_x, 1.672110000E-04
3,20,etc, 1.582000000E-06
3,20,comm, 5.462200000E-05
3,20,tdma_z_comm, 1.133800000E-04
3,20,tdma_y_comm, 0.000000000E+00
3,20,tdma_x_comm, 0.000000000E+00
3,20,tdma_z_gpu, 2.393599991E-04
3,20,tdma_y_gpu, 0.000000000E+00
3,20,tdma_x_gpu, 0.000000000E+00
