# grid=257x257x2049, np=8 (1,1,8), dt= 3.815E-06, Nt=30, solver_kind=pascal
rank,t_step,event,time_sec
0,1,rhs, 2.486330000E-04
0,1,solve_z, 1.291098000E-03
0,1,solve_y, 6.779570000E-04
0,1,solve_x, 7.250480000E-04
0,1,etc, 1.523000000E-06
0,1,comm, 6.303500000E-05
0,1,tdma_z_comm, 2.116070000E-04
0,1,tdma_y_comm, 0.000000000E+00
0,1,tdma_x_comm, 0.000000000E+00
0,1,tdma_z_gpu, 7.545920126E-04
0,1,tdma_y_gpu, 0.000000000E+00
0,1,tdma_x_gpu, 0.000000000E+00
0,2,rhs, 2.495250000E-04
0,2,solve_z, 1.295945000E-03
0,2,solve_y, 6.785380000E-04
0,2,solve_x, 7.260090000E-04
0,2,etc, 1.552000000E-06
0,2,comm, 6.097200000E-05
0,2,tdma_z_comm, 2.130910000E-04
0,2,tdma_y_comm, 0.000000000E+00
0,2,tdma_x_comm, 0.000000000E+00
0,2,tdma_z_gpu, 7.538879793E-04
0,2,tdma_y_gpu, 0.000000000E+00
0,2,tdma_x_gpu, 0.000000000E+00
0,3,rhs, 2.486330000E-04
0,3,solve_z, 1.288854000E-03
0,3,solve_y, 6.789490000E-04
0,3,solve_x, 7.246070000E-04
0,3,etc, 1.492000000E-06
0,3,comm, 5.917900000E-05
0,3,tdma_z_comm, 2.147620000E-04
0,3,tdma_y_comm, 0.000000000E+00
0,3,tdma_x_comm, 0.000000000E+00
0,3,tdma_z_gpu, 7.491840143E-04
0,3,tdma_y_gpu, 0.000000000E+00
0,3,tdma_x_gpu, 0.000000000E+00
0,4,rhs, 2.481830000E-04
0,4,solve_z, 1.279581000E-03
0,4,solve_y, 6.790090000E-04
0,4,solve_x, 7.230050000E-04
0,4,etc, 1.502000000E-06
0,4,comm, 5.934900000E-05
0,4,tdma_z_comm, 2.068500000E-04
0,4,tdma_y_comm, 0.000000000E+00
0,4,tdma_x_comm, 0.000000000E+00
0,4,tdma_z_gpu, 7.497599870E-04
0,4,tdma_y_gpu, 0.000000000E+00
0,4,tdma_x_gpu, 0.000000000E+00
0,5,rhs, 2.459590000E-04
0,5,solve_z, 1.286301000E-03
0,5,solve_y, 6.799910000E-04
0,5,solve_x, 7.198300000E-04
0,5,etc, 1.512000000E-06
0,5,comm, 6.153300000E-05
0,5,tdma_z_comm, 2.075110000E-04
0,5,tdma_y_comm, 0.000000000E+00
0,5,tdma_x_comm, 0.000000000E+00
0,5,tdma_z_gpu, 7.552319970E-04
0,5,tdma_y_gpu, 0.000000000E+00
0,5,tdma_x_gpu, 0.000000000E+00
0,6,rhs, 2.471510000E-04
0,6,solve_z, 1.289265000E-03
0,6,solve_y, 6.823850000E-04
0,6,solve_x, 7.203710000E-04
0,6,etc, 1.683000000E-06
0,6,comm, 6.395600000E-05
0,6,tdma_z_comm, 2.146820000E-04
0,6,tdma_y_comm, 0.000000000E+00
0,6,tdma_x_comm, 0.000000000E+00
0,6,tdma_z_gpu, 7.531839982E-04
0,6,tdma_y_gpu, 0.000000000E+00
0,6,tdma_x_gpu, 0.000000000E+00
0,7,rhs, 2.469510000E-04
0,7,solve_z, 1.284087000E-03
0,7,solve_y, 6.786390000E-04
0,7,solve_x, 7.158350000E-04
0,7,etc, 1.633000000E-06
0,7,comm, 5.921900000E-05
0,7,tdma_z_comm, 2.066500000E-04
0,7,tdma_y_comm, 0.000000000E+00
0,7,tdma_x_comm, 0.000000000E+00
0,7,tdma_z_gpu, 7.536640074E-04
0,7,tdma_y_gpu, 0.000000000E+00
0,7,tdma_x_gpu, 0.000000000E+00
0,8,rhs, 2.463000000E-04
0,8,solve_z, 1.289796000E-03
0,8,solve_y, 6.806220000E-04
0,8,solve_x, 7.305970000E-04
0,8,etc, 1.472000000E-06
0,8,comm, 5.907900000E-05
0,8,tdma_z_comm, 2.115870000E-04
0,8,tdma_y_comm, 0.000000000E+00
0,8,tdma_x_comm, 0.000000000E+00
0,8,tdma_z_gpu, 7.508480083E-04
0,8,tdma_y_gpu, 0.000000000E+00
0,8,tdma_x_gpu, 0.000000000E+00
0,9,rhs, 2.469210000E-04
0,9,solve_z, 1.285359000E-03
0,9,solve_y, 6.801410000E-04
0,9,solve_x, 7.262200000E-04
0,9,etc, 1.522000000E-06
0,9,comm, 5.754700000E-05
0,9,tdma_z_comm, 2.048180000E-04
0,9,tdma_y_comm, 0.000000000E+00
0,9,tdma_x_comm, 0.000000000E+00
0,9,tdma_z_gpu, 7.554239798E-04
0,9,tdma_y_gpu, 0.000000000E+00
0,9,tdma_x_gpu, 0.000000000E+00
0,10,rhs, 2.469110000E-04
0,10,solve_z, 1.282004000E-03
0,10,solve_y, 6.795800000E-04
0,10,solve_x, 7.243470000E-04
0,10,etc, 1.622000000E-06
0,10,comm, 5.998000000E-05
0,10,tdma_z_comm, 2.093450000E-04
0,10,tdma_y_comm, 0.000000000E+00
0,10,tdma_x_comm, 0.000000000E+00
0,10,tdma_z_gpu, 7.516800119E-04
0,10,tdma_y_gpu, 0.000000000E+00
0,10,tdma_x_gpu, 0.000000000E+00
0,11,rhs, 2.468800000E-04
0,11,solve_z, 1.283787000E-03
0,11,solve_y, 6.773370000E-04
0,11,solve_x, 7.173570000E-04
0,11,etc, 1.652000000E-06
0,11,comm, 5.799700000E-05
0,11,tdma_z_comm, 2.036550000E-04
0,11,tdma_y_comm, 0.000000000E+00
0,11,tdma_x_comm, 0.000000000E+00
0,11,tdma_z_gpu, 7.534400225E-04
0,11,tdma_y_gpu, 0.000000000E+00
0,11,tdma_x_gpu, 0.000000000E+00
0,12,rhs, 2.472110000E-04
0,12,solve_z, 1.283967000E-03
0,12,solve_y, 6.802710000E-04
0,12,solve_x, 7.205020000E-04
0,12,etc, 1.462000000E-06
0,12,comm, 6.058100000E-05
0,12,tdma_z_comm, 2.105450000E-04
0,12,tdma_y_comm, 0.000000000E+00
0,12,tdma_x_comm, 0.000000000E+00
0,12,tdma_z_gpu, 7.511359975E-04
0,12,tdma_y_gpu, 0.000000000E+00
0,12,tdma_x_gpu, 0.000000000E+00
0,13,rhs, 2.460590000E-04
0,13,solve_z, 1.292720000E-03
0,13,solve_y, 6.786990000E-04
0,13,solve_x, 7.219930000E-04
0,13,etc, 1.652000000E-06
0,13,comm, 5.940900000E-05
0,13,tdma_z_comm, 2.072010000E-04
0,13,tdma_y_comm, 0.000000000E+00
0,13,tdma_x_comm, 0.000000000E+00
0,13,tdma_z_gpu, 7.567040008E-04
0,13,tdma_y_gpu, 0.000000000E+00
0,13,tdma_x_gpu, 0.000000000E+00
0,14,rhs, 2.476020000E-04
0,14,solve_z, 1.288955000E-03
0,14,solve_y, 6.781980000E-04
0,14,solve_x, 7.260600000E-04
0,14,etc, 1.672000000E-06
0,14,comm, 5.936900000E-05
0,14,tdma_z_comm, 2.064100000E-04
0,14,tdma_y_comm, 0.000000000E+00
0,14,tdma_x_comm, 0.000000000E+00
0,14,tdma_z_gpu, 7.528639985E-04
0,14,tdma_y_gpu, 0.000000000E+00
0,14,tdma_x_gpu, 0.000000000E+00
0,15,rhs, 2.465600000E-04
0,15,solve_z, 1.283947000E-03
0,15,solve_y, 6.785090000E-04
0,15,solve_x, 7.240970000E-04
0,15,etc, 1.632000000E-06
0,15,comm, 5.896800000E-05
0,15,tdma_z_comm, 2.080530000E-04
0,15,tdma_y_comm, 0.000000000E+00
0,15,tdma_x_comm, 0.000000000E+00
0,15,tdma_z_gpu, 7.521599904E-04
0,15,tdma_y_gpu, 0.000000000E+00
0,15,tdma_x_gpu, 0.000000000E+00
0,16,rhs, 2.465300000E-04
0,16,solve_z, 1.282745000E-03
0,16,solve_y, 6.806810000E-04
0,16,solve_x, 7.242270000E-04
0,16,etc, 1.462000000E-06
0,16,comm, 5.803700000E-05
0,16,tdma_z_comm, 2.049470000E-04
0,16,tdma_y_comm, 0.000000000E+00
0,16,tdma_x_comm, 0.000000000E+00
0,16,tdma_z_gpu, 7.534400132E-04
0,16,tdma_y_gpu, 0.000000000E+00
0,16,tdma_x_gpu, 0.000000000E+00
0,17,rhs, 2.463990000E-04
0,17,solve_z, 1.290597000E-03
0,17,solve_y, 6.772060000E-04
0,17,solve_x, 7.192900000E-04
0,17,etc, 1.842000000E-06
0,17,comm, 6.152200000E-05
0,17,tdma_z_comm, 2.155830000E-04
0,17,tdma_y_comm, 0.000000000E+00
0,17,tdma_x_comm, 0.000000000E+00
0,17,tdma_z_gpu, 7.527680006E-04
0,17,tdma_y_gpu, 0.000000000E+00
0,17,tdma_x_gpu, 0.000000000E+00
0,18,rhs, 2.468410000E-04
0,18,solve_z, 1.290967000E-03
0,18,solve_y, 6.785480000E-04
0,18,solve_x, 7.255890000E-04
0,18,etc, 1.463000000E-06
0,18,comm, 5.800800000E-05
0,18,tdma_z_comm, 2.096940000E-04
0,18,tdma_y_comm, 0.000000000E+00
0,18,tdma_x_comm, 0.000000000E+00
0,18,tdma_z_gpu, 7.526080031E-04
0,18,tdma_y_gpu, 0.000000000E+00
0,18,tdma_x_gpu, 0.000000000E+00
0,19,rhs, 2.457080000E-04
0,19,solve_z, 1.283967000E-03
0,19,solve_y, 6.809520000E-04
0,19,solve_x, 7.215330000E-04
0,19,etc, 1.652000000E-06
0,19,comm, 6.039000000E-05
0,19,tdma_z_comm, 2.021330000E-04
0,19,tdma_y_comm, 0.000000000E+00
0,19,tdma_x_comm, 0.000000000E+00
0,19,tdma_z_gpu, 7.549440078E-04
0,19,tdma_y_gpu, 0.000000000E+00
0,19,tdma_x_gpu, 0.000000000E+00
0,20,rhs, 2.471010000E-04
0,20,solve_z, 1.281123000E-03
0,20,solve_y, 6.805210000E-04
0,20,solve_x, 7.195200000E-04
0,20,etc, 1.642000000E-06
0,20,comm, 5.999000000E-05
0,20,tdma_z_comm, 2.010610000E-04
0,20,tdma_y_comm, 0.000000000E+00
0,20,tdma_x_comm, 0.000000000E+00
0,20,tdma_z_gpu, 7.560959831E-04
0,20,tdma_y_gpu, 0.000000000E+00
0,20,tdma_x_gpu, 0.000000000E+00
1,1,rhs, 2.481120000E-04
1,1,solve_z, 1.296415000E-03
1,1,solve_y, 6.813430000E-04
1,1,solve_x, 7.243070000E-04
1,1,etc, 1.632000000E-06
1,1,comm, 7.038500000E-05
1,1,tdma_z_comm, 2.092540000E-04
1,1,tdma_y_comm, 0.000000000E+00
1,1,tdma_x_comm, 0.000000000E+00
1,1,tdma_z_gpu, 7.554559931E-04
1,1,tdma_y_gpu, 0.000000000E+00
1,1,tdma_x_gpu, 0.000000000E+00
1,2,rhs, 2.487840000E-04
1,2,solve_z, 1.300311000E-03
1,2,solve_y, 6.810620000E-04
1,2,solve_x, 7.283230000E-04
1,2,etc, 1.663000000E-06
1,2,comm, 6.725100000E-05
1,2,tdma_z_comm, 2.139210000E-04
1,2,tdma_y_comm, 0.000000000E+00
1,2,tdma_x_comm, 0.000000000E+00
1,2,tdma_z_gpu, 7.538240263E-04
1,2,tdma_y_gpu, 0.000000000E+00
1,2,tdma_x_gpu, 0.000000000E+00
1,3,rhs, 2.475920000E-04
1,3,solve_z, 1.293482000E-03
1,3,solve_y, 6.811720000E-04
1,3,solve_x, 7.220940000E-04
1,3,etc, 1.633000000E-06
1,3,comm, 6.650000000E-05
1,3,tdma_z_comm, 2.090530000E-04
1,3,tdma_y_comm, 0.000000000E+00
1,3,tdma_x_comm, 0.000000000E+00
1,3,tdma_z_gpu, 7.536320351E-04
1,3,tdma_y_gpu, 0.000000000E+00
1,3,tdma_x_gpu, 0.000000000E+00
1,4,rhs, 2.472810000E-04
1,4,solve_z, 1.287082000E-03
1,4,solve_y, 6.792890000E-04
1,4,solve_x, 7.212420000E-04
1,4,etc, 1.633000000E-06
1,4,comm, 6.837200000E-05
1,4,tdma_z_comm, 2.132490000E-04
1,4,tdma_y_comm, 0.000000000E+00
1,4,tdma_x_comm, 0.000000000E+00
1,4,tdma_z_gpu, 7.539840266E-04
1,4,tdma_y_gpu, 0.000000000E+00
1,4,tdma_x_gpu, 0.000000000E+00
1,5,rhs, 2.477420000E-04
1,5,solve_z, 1.288394000E-03
1,5,solve_y, 6.779380000E-04
1,5,solve_x, 7.227250000E-04
1,5,etc, 1.642000000E-06
1,5,comm, 6.641900000E-05
1,5,tdma_z_comm, 2.107360000E-04
1,5,tdma_y_comm, 0.000000000E+00
1,5,tdma_x_comm, 0.000000000E+00
1,5,tdma_z_gpu, 7.508159857E-04
1,5,tdma_y_gpu, 0.000000000E+00
1,5,tdma_x_gpu, 0.000000000E+00
1,6,rhs, 2.470010000E-04
1,6,solve_z, 1.291168000E-03
1,6,solve_y, 6.817730000E-04
1,6,solve_x, 7.283830000E-04
1,6,etc, 1.633000000E-06
1,6,comm, 6.968500000E-05
1,6,tdma_z_comm, 2.088630000E-04
1,6,tdma_y_comm, 0.000000000E+00
1,6,tdma_x_comm, 0.000000000E+00
1,6,tdma_z_gpu, 7.574080229E-04
1,6,tdma_y_gpu, 0.000000000E+00
1,6,tdma_x_gpu, 0.000000000E+00
1,7,rhs, 2.464100000E-04
1,7,solve_z, 1.291629000E-03
1,7,solve_y, 6.801410000E-04
1,7,solve_x, 7.250380000E-04
1,7,etc, 1.613000000E-06
1,7,comm, 6.679000000E-05
1,7,tdma_z_comm, 2.093440000E-04
1,7,tdma_y_comm, 0.000000000E+00
1,7,tdma_x_comm, 0.000000000E+00
1,7,tdma_z_gpu, 7.535040090E-04
1,7,tdma_y_gpu, 0.000000000E+00
1,7,tdma_x_gpu, 0.000000000E+00
1,8,rhs, 2.473710000E-04
1,8,solve_z, 1.292310000E-03
1,8,solve_y, 6.783580000E-04
1,8,solve_x, 7.260200000E-04
1,8,etc, 1.622000000E-06
1,8,comm, 6.697000000E-05
1,8,tdma_z_comm, 2.111560000E-04
1,8,tdma_y_comm, 0.000000000E+00
1,8,tdma_x_comm, 0.000000000E+00
1,8,tdma_z_gpu, 7.545919809E-04
1,8,tdma_y_gpu, 0.000000000E+00
1,8,tdma_x_gpu, 0.000000000E+00
1,9,rhs, 2.478620000E-04
1,9,solve_z, 1.284949000E-03
1,9,solve_y, 6.801610000E-04
1,9,solve_x, 7.274120000E-04
1,9,etc, 1.602000000E-06
1,9,comm, 6.757100000E-05
1,9,tdma_z_comm, 2.050280000E-04
1,9,tdma_y_comm, 0.000000000E+00
1,9,tdma_x_comm, 0.000000000E+00
1,9,tdma_z_gpu, 7.517439947E-04
1,9,tdma_y_gpu, 0.000000000E+00
1,9,tdma_x_gpu, 0.000000000E+00
1,10,rhs, 2.470710000E-04
1,10,solve_z, 1.286510000E-03
1,10,solve_y, 6.812320000E-04
1,10,solve_x, 7.196700000E-04
1,10,etc, 1.603000000E-06
1,10,comm, 6.616000000E-05
1,10,tdma_z_comm, 2.047870000E-04
1,10,tdma_y_comm, 0.000000000E+00
1,10,tdma_x_comm, 0.000000000E+00
1,10,tdma_z_gpu, 7.535679881E-04
1,10,tdma_y_gpu, 0.000000000E+00
1,10,tdma_x_gpu, 0.000000000E+00
1,11,rhs, 2.472210000E-04
1,11,solve_z, 1.287803000E-03
1,11,solve_y, 6.813220000E-04
1,11,solve_x, 7.196600000E-04
1,11,etc, 1.612000000E-06
1,11,comm, 6.569800000E-05
1,11,tdma_z_comm, 2.040060000E-04
1,11,tdma_y_comm, 0.000000000E+00
1,11,tdma_x_comm, 0.000000000E+00
1,11,tdma_z_gpu, 7.537599988E-04
1,11,tdma_y_gpu, 0.000000000E+00
1,11,tdma_x_gpu, 0.000000000E+00
1,12,rhs, 2.483930000E-04
1,12,solve_z, 1.287132000E-03
1,12,solve_y, 6.813220000E-04
1,12,solve_x, 7.265710000E-04
1,12,etc, 1.602000000E-06
1,12,comm, 6.624900000E-05
1,12,tdma_z_comm, 2.093550000E-04
1,12,tdma_y_comm, 0.000000000E+00
1,12,tdma_x_comm, 0.000000000E+00
1,12,tdma_z_gpu, 7.542079762E-04
1,12,tdma_y_gpu, 0.000000000E+00
1,12,tdma_x_gpu, 0.000000000E+00
1,13,rhs, 2.471510000E-04
1,13,solve_z, 1.292250000E-03
1,13,solve_y, 6.806920000E-04
1,13,solve_x, 7.266910000E-04
1,13,etc, 1.622000000E-06
1,13,comm, 6.538800000E-05
1,13,tdma_z_comm, 2.108870000E-04
1,13,tdma_y_comm, 0.000000000E+00
1,13,tdma_x_comm, 0.000000000E+00
1,13,tdma_z_gpu, 7.511359807E-04
1,13,tdma_y_gpu, 0.000000000E+00
1,13,tdma_x_gpu, 0.000000000E+00
1,14,rhs, 2.478120000E-04
1,14,solve_z, 1.293982000E-03
1,14,solve_y, 6.798600000E-04
1,14,solve_x, 7.261300000E-04
1,14,etc, 1.632000000E-06
1,14,comm, 6.798200000E-05
1,14,tdma_z_comm, 2.098060000E-04
1,14,tdma_y_comm, 0.000000000E+00
1,14,tdma_x_comm, 0.000000000E+00
1,14,tdma_z_gpu, 7.530880030E-04
1,14,tdma_y_gpu, 0.000000000E+00
1,14,tdma_x_gpu, 0.000000000E+00
1,15,rhs, 2.475110000E-04
1,15,solve_z, 1.286591000E-03
1,15,solve_y, 6.798200000E-04
1,15,solve_x, 7.262400000E-04
1,15,etc, 1.602000000E-06
1,15,comm, 6.569900000E-05
1,15,tdma_z_comm, 2.059290000E-04
1,15,tdma_y_comm, 0.000000000E+00
1,15,tdma_x_comm, 0.000000000E+00
1,15,tdma_z_gpu, 7.566399705E-04
1,15,tdma_y_gpu, 0.000000000E+00
1,15,tdma_x_gpu, 0.000000000E+00
1,16,rhs, 2.479120000E-04
1,16,solve_z, 1.291979000E-03
1,16,solve_y, 6.785480000E-04
1,16,solve_x, 7.238770000E-04
1,16,etc, 1.602000000E-06
1,16,comm, 6.578900000E-05
1,16,tdma_z_comm, 2.073510000E-04
1,16,tdma_y_comm, 0.000000000E+00
1,16,tdma_x_comm, 0.000000000E+00
1,16,tdma_z_gpu, 7.502400186E-04
1,16,tdma_y_gpu, 0.000000000E+00
1,16,tdma_x_gpu, 0.000000000E+00
1,17,rhs, 2.475610000E-04
1,17,solve_z, 1.300842000E-03
1,17,solve_y, 6.803410000E-04
1,17,solve_x, 7.262200000E-04
1,17,etc, 1.772000000E-06
1,17,comm, 6.951400000E-05
1,17,tdma_z_comm, 2.135520000E-04
1,17,tdma_y_comm, 0.000000000E+00
1,17,tdma_x_comm, 0.000000000E+00
1,17,tdma_z_gpu, 7.530879974E-04
1,17,tdma_y_gpu, 0.000000000E+00
1,17,tdma_x_gpu, 0.000000000E+00
1,18,rhs, 2.475910000E-04
1,18,solve_z, 1.289105000E-03
1,18,solve_y, 6.807420000E-04
1,18,solve_x, 7.196000000E-04
1,18,etc, 1.812000000E-06
1,18,comm, 6.578800000E-05
1,18,tdma_z_comm, 2.068190000E-04
1,18,tdma_y_comm, 0.000000000E+00
1,18,tdma_x_comm, 0.000000000E+00
1,18,tdma_z_gpu, 7.527360022E-04
1,18,tdma_y_gpu, 0.000000000E+00
1,18,tdma_x_gpu, 0.000000000E+00
1,19,rhs, 2.454280000E-04
1,19,solve_z, 1.286200000E-03
1,19,solve_y, 6.778780000E-04
1,19,solve_x, 7.252290000E-04
1,19,etc, 1.632000000E-06
1,19,comm, 6.739100000E-05
1,19,tdma_z_comm, 2.041160000E-04
1,19,tdma_y_comm, 0.000000000E+00
1,19,tdma_x_comm, 0.000000000E+00
1,19,tdma_z_gpu, 7.508160155E-04
1,19,tdma_y_gpu, 0.000000000E+00
1,19,tdma_x_gpu, 0.000000000E+00
1,20,rhs, 2.455590000E-04
1,20,solve_z, 1.289024000E-03
1,20,solve_y, 6.813130000E-04
1,20,solve_x, 7.248480000E-04
1,20,etc, 1.793000000E-06
1,20,comm, 6.786200000E-05
1,20,tdma_z_comm, 1.968760000E-04
1,20,tdma_y_comm, 0.000000000E+00
1,20,tdma_x_comm, 0.000000000E+00
1,20,tdma_z_gpu, 7.553919759E-04
1,20,tdma_y_gpu, 0.000000000E+00
1,20,tdma_x_gpu, 0.000000000E+00
2,1,rhs, 2.461790000E-04
2,1,solve_z, 1.280442000E-03
2,1,solve_y, 6.783480000E-04
2,1,solve_x, 7.181680000E-04
2,1,etc, 1.542000000E-06
2,1,comm, 7.163800000E-05
2,1,tdma_z_comm, 2.009910000E-04
2,1,tdma_y_comm, 0.000000000E+00
2,1,tdma_x_comm, 0.000000000E+00
2,1,tdma_z_gpu, 7.510720026E-04
2,1,tdma_y_gpu, 0.000000000E+00
2,1,tdma_x_gpu, 0.000000000E+00
2,2,rhs, 2.469110000E-04
2,2,solve_z, 1.281584000E-03
2,2,solve_y, 6.792690000E-04
2,2,solve_x, 7.208120000E-04
2,2,etc, 1.622000000E-06
2,2,comm, 6.724100000E-05
2,2,tdma_z_comm, 2.081710000E-04
2,2,tdma_y_comm, 0.000000000E+00
2,2,tdma_x_comm, 0.000000000E+00
2,2,tdma_z_gpu, 7.521599792E-04
2,2,tdma_y_gpu, 0.000000000E+00
2,2,tdma_x_gpu, 0.000000000E+00
2,3,rhs, 2.471010000E-04
2,3,solve_z, 1.280281000E-03
2,3,solve_y, 6.795100000E-04
2,3,solve_x, 7.200610000E-04
2,3,etc, 1.543000000E-06
2,3,comm, 6.736100000E-05
2,3,tdma_z_comm, 2.005510000E-04
2,3,tdma_y_comm, 0.000000000E+00
2,3,tdma_x_comm, 0.000000000E+00
2,3,tdma_z_gpu, 7.526399773E-04
2,3,tdma_y_gpu, 0.000000000E+00
2,3,tdma_x_gpu, 0.000000000E+00
2,4,rhs, 2.467400000E-04
2,4,solve_z, 1.294303000E-03
2,4,solve_y, 6.814820000E-04
2,4,solve_x, 7.244970000E-04
2,4,etc, 1.533000000E-06
2,4,comm, 6.904300000E-05
2,4,tdma_z_comm, 2.158940000E-04
2,4,tdma_y_comm, 0.000000000E+00
2,4,tdma_x_comm, 0.000000000E+00
2,4,tdma_z_gpu, 7.534719892E-04
2,4,tdma_y_gpu, 0.000000000E+00
2,4,tdma_x_gpu, 0.000000000E+00
2,5,rhs, 2.456090000E-04
2,5,solve_z, 1.275905000E-03
2,5,solve_y, 6.810720000E-04
2,5,solve_x, 7.256390000E-04
2,5,etc, 1.522000000E-06
2,5,comm, 6.699100000E-05
2,5,tdma_z_comm, 1.957240000E-04
2,5,tdma_y_comm, 0.000000000E+00
2,5,tdma_x_comm, 0.000000000E+00
2,5,tdma_z_gpu, 7.533439929E-04
2,5,tdma_y_gpu, 0.000000000E+00
2,5,tdma_x_gpu, 0.000000000E+00
2,6,rhs, 2.469510000E-04
2,6,solve_z, 1.276436000E-03
2,6,solve_y, 6.777170000E-04
2,6,solve_x, 7.258890000E-04
2,6,etc, 1.532000000E-06
2,6,comm, 6.959400000E-05
2,6,tdma_z_comm, 2.034650000E-04
2,6,tdma_y_comm, 0.000000000E+00
2,6,tdma_x_comm, 0.000000000E+00
2,6,tdma_z_gpu, 7.543040104E-04
2,6,tdma_y_gpu, 0.000000000E+00
2,6,tdma_x_gpu, 0.000000000E+00
2,7,rhs, 2.466200000E-04
2,7,solve_z, 1.286812000E-03
2,7,solve_y, 6.793600000E-04
2,7,solve_x, 7.248280000E-04
2,7,etc, 1.542000000E-06
2,7,comm, 6.757100000E-05
2,7,tdma_z_comm, 2.094930000E-04
2,7,tdma_y_comm, 0.000000000E+00
2,7,tdma_x_comm, 0.000000000E+00
2,7,tdma_z_gpu, 7.521279734E-04
2,7,tdma_y_gpu, 0.000000000E+00
2,7,tdma_x_gpu, 0.000000000E+00
2,8,rhs, 2.462690000E-04
2,8,solve_z, 1.273301000E-03
2,8,solve_y, 6.802410000E-04
2,8,solve_x, 7.171760000E-04
2,8,etc, 1.583000000E-06
2,8,comm, 6.797300000E-05
2,8,tdma_z_comm, 1.984280000E-04
2,8,tdma_y_comm, 0.000000000E+00
2,8,tdma_x_comm, 0.000000000E+00
2,8,tdma_z_gpu, 7.531839814E-04
2,8,tdma_y_gpu, 0.000000000E+00
2,8,tdma_x_gpu, 0.000000000E+00
2,9,rhs, 2.463900000E-04
2,9,solve_z, 1.280752000E-03
2,9,solve_y, 6.796910000E-04
2,9,solve_x, 7.183780000E-04
2,9,etc, 1.572000000E-06
2,9,comm, 6.766100000E-05
2,9,tdma_z_comm, 2.041170000E-04
2,9,tdma_y_comm, 0.000000000E+00
2,9,tdma_x_comm, 0.000000000E+00
2,9,tdma_z_gpu, 7.530240119E-04
2,9,tdma_y_gpu, 0.000000000E+00
2,9,tdma_x_gpu, 0.000000000E+00
2,10,rhs, 2.474710000E-04
2,10,solve_z, 1.269936000E-03
2,10,solve_y, 6.784490000E-04
2,10,solve_x, 7.257900000E-04
2,10,etc, 1.532000000E-06
2,10,comm, 6.542800000E-05
2,10,tdma_z_comm, 1.982980000E-04
2,10,tdma_y_comm, 0.000000000E+00
2,10,tdma_x_comm, 0.000000000E+00
2,10,tdma_z_gpu, 7.502720170E-04
2,10,tdma_y_gpu, 0.000000000E+00
2,10,tdma_x_gpu, 0.000000000E+00
2,11,rhs, 2.470500000E-04
2,11,solve_z, 1.287983000E-03
2,11,solve_y, 6.807020000E-04
2,11,solve_x, 7.276030000E-04
2,11,etc, 1.512000000E-06
2,11,comm, 6.630000000E-05
2,11,tdma_z_comm, 2.058590000E-04
2,11,tdma_y_comm, 0.000000000E+00
2,11,tdma_x_comm, 0.000000000E+00
2,11,tdma_z_gpu, 7.509119865E-04
2,11,tdma_y_gpu, 0.000000000E+00
2,11,tdma_x_gpu, 0.000000000E+00
2,12,rhs, 2.464200000E-04
2,12,solve_z, 1.280282000E-03
2,12,solve_y, 6.819930000E-04
2,12,solve_x, 7.220340000E-04
2,12,etc, 1.512000000E-06
2,12,comm, 6.800200000E-05
2,12,tdma_z_comm, 2.013130000E-04
2,12,tdma_y_comm, 0.000000000E+00
2,12,tdma_x_comm, 0.000000000E+00
2,12,tdma_z_gpu, 7.569280043E-04
2,12,tdma_y_gpu, 0.000000000E+00
2,12,tdma_x_gpu, 0.000000000E+00
2,13,rhs, 2.458090000E-04
2,13,solve_z, 1.285950000E-03
2,13,solve_y, 6.812030000E-04
2,13,solve_x, 7.204710000E-04
2,13,etc, 1.562000000E-06
2,13,comm, 6.469700000E-05
2,13,tdma_z_comm, 2.120380000E-04
2,13,tdma_y_comm, 0.000000000E+00
2,13,tdma_x_comm, 0.000000000E+00
2,13,tdma_z_gpu, 7.524800161E-04
2,13,tdma_y_gpu, 0.000000000E+00
2,13,tdma_x_gpu, 0.000000000E+00
2,14,rhs, 2.468100000E-04
2,14,solve_z, 1.289815000E-03
2,14,solve_y, 6.779070000E-04
2,14,solve_x, 7.245770000E-04
2,14,etc, 1.512000000E-06
2,14,comm, 6.804200000E-05
2,14,tdma_z_comm, 2.106470000E-04
2,14,tdma_y_comm, 0.000000000E+00
2,14,tdma_x_comm, 0.000000000E+00
2,14,tdma_z_gpu, 7.514880272E-04
2,14,tdma_y_gpu, 0.000000000E+00
2,14,tdma_x_gpu, 0.000000000E+00
2,15,rhs, 2.455080000E-04
2,15,solve_z, 1.285179000E-03
2,15,solve_y, 6.796100000E-04
2,15,solve_x, 7.199010000E-04
2,15,etc, 1.542000000E-06
2,15,comm, 6.676000000E-05
2,15,tdma_z_comm, 2.046570000E-04
2,15,tdma_y_comm, 0.000000000E+00
2,15,tdma_x_comm, 0.000000000E+00
2,15,tdma_z_gpu, 7.520640250E-04
2,15,tdma_y_gpu, 0.000000000E+00
2,15,tdma_x_gpu, 0.000000000E+00
2,16,rhs, 2.461000000E-04
2,16,solve_z, 1.295344000E-03
2,16,solve_y, 6.784480000E-04
2,16,solve_x, 7.154040000E-04
2,16,etc, 1.522000000E-06
2,16,comm, 6.658000000E-05
2,16,tdma_z_comm, 2.106660000E-04
2,16,tdma_y_comm, 0.000000000E+00
2,16,tdma_x_comm, 0.000000000E+00
2,16,tdma_z_gpu, 7.546880152E-04
2,16,tdma_y_gpu, 0.000000000E+00
2,16,tdma_x_gpu, 0.000000000E+00
2,17,rhs, 2.463390000E-04
2,17,solve_z, 1.281763000E-03
2,17,solve_y, 6.769060000E-04
2,17,solve_x, 7.182880000E-04
2,17,etc, 1.532000000E-06
2,17,comm, 6.850200000E-05
2,17,tdma_z_comm, 2.056580000E-04
2,17,tdma_y_comm, 0.000000000E+00
2,17,tdma_x_comm, 0.000000000E+00
2,17,tdma_z_gpu, 7.532480117E-04
2,17,tdma_y_gpu, 0.000000000E+00
2,17,tdma_x_gpu, 0.000000000E+00
2,18,rhs, 2.463290000E-04
2,18,solve_z, 1.284238000E-03
2,18,solve_y, 6.797500000E-04
2,18,solve_x, 7.236860000E-04
2,18,etc, 1.593000000E-06
2,18,comm, 6.612900000E-05
2,18,tdma_z_comm, 1.986680000E-04
2,18,tdma_y_comm, 0.000000000E+00
2,18,tdma_x_comm, 0.000000000E+00
2,18,tdma_z_gpu, 7.523840200E-04
2,18,tdma_y_gpu, 0.000000000E+00
2,18,tdma_x_gpu, 0.000000000E+00
2,19,rhs, 2.462390000E-04
2,19,solve_z, 1.288904000E-03
2,19,solve_y, 6.805710000E-04
2,19,solve_x, 7.184180000E-04
2,19,etc, 1.552000000E-06
2,19,comm, 6.990500000E-05
2,19,tdma_z_comm, 2.072410000E-04
2,19,tdma_y_comm, 0.000000000E+00
2,19,tdma_x_comm, 0.000000000E+00
2,19,tdma_z_gpu, 7.537280060E-04
2,19,tdma_y_gpu, 0.000000000E+00
2,19,tdma_x_gpu, 0.000000000E+00
2,20,rhs, 2.472210000E-04
2,20,solve_z, 1.288755000E-03
2,20,solve_y, 6.780980000E-04
2,20,solve_x, 7.204010000E-04
2,20,etc, 1.552000000E-06
2,20,comm, 6.716100000E-05
2,20,tdma_z_comm, 1.999310000E-04
2,20,tdma_y_comm, 0.000000000E+00
2,20,tdma_x_comm, 0.000000000E+00
2,20,tdma_z_gpu, 7.534080353E-04
2,20,tdma_y_gpu, 0.000000000E+00
2,20,tdma_x_gpu, 0.000000000E+00
3,1,rhs, 2.465000000E-04
3,1,solve_z, 1.295845000E-03
3,1,solve_y, 6.795300000E-04
3,1,solve_x, 7.199410000E-04
3,1,etc, 1.482000000E-06
3,1,comm, 7.149700000E-05
3,1,tdma_z_comm, 2.139510000E-04
3,1,tdma_y_comm, 0.000000000E+00
3,1,tdma_x_comm, 0.000000000E+00
3,1,tdma_z_gpu, 7.523200074E-04
3,1,tdma_y_gpu, 0.000000000E+00
3,1,tdma_x_gpu, 0.000000000E+00
3,2,rhs, 2.480730000E-04
3,2,solve_z, 1.294724000E-03
3,2,solve_y, 6.774670000E-04
3,2,solve_x, 7.239770000E-04
3,2,etc, 1.503000000E-06
3,2,comm, 6.678100000E-05
3,2,tdma_z_comm, 2.136190000E-04
3,2,tdma_y_comm, 0.000000000E+00
3,2,tdma_x_comm, 0.000000000E+00
3,2,tdma_z_gpu, 7.510719821E-04
3,2,tdma_y_gpu, 0.000000000E+00
3,2,tdma_x_gpu, 0.000000000E+00
3,3,rhs, 2.468110000E-04
3,3,solve_z, 1.292680000E-03
3,3,solve_y, 6.790790000E-04
3,3,solve_x, 7.185590000E-04
3,3,etc, 1.523000000E-06
3,3,comm, 6.587900000E-05
3,3,tdma_z_comm, 2.092930000E-04
3,3,tdma_y_comm, 0.000000000E+00
3,3,tdma_x_comm, 0.000000000E+00
3,3,tdma_z_gpu, 7.516159993E-04
3,3,tdma_y_gpu, 0.000000000E+00
3,3,tdma_x_gpu, 0.000000000E+00
3,4,rhs, 2.473120000E-04
3,4,solve_z, 1.292330000E-03
3,4,solve_y, 6.794000000E-04
3,4,solve_x, 7.213530000E-04
3,4,etc, 1.523000000E-06
3,4,comm, 6.749100000E-05
3,4,tdma_z_comm, 2.133710000E-04
3,4,tdma_y_comm, 0.000000000E+00
3,4,tdma_x_comm, 0.000000000E+00
3,4,tdma_z_gpu, 7.552640121E-04
3,4,tdma_y_gpu, 0.000000000E+00
3,4,tdma_x_gpu, 0.000000000E+00
3,5,rhs, 2.467910000E-04
3,5,solve_z, 1.278949000E-03
3,5,solve_y, 6.763460000E-04
3,5,solve_x, 7.233160000E-04
3,5,etc, 1.493000000E-06
3,5,comm, 6.454700000E-05
3,5,tdma_z_comm, 2.082330000E-04
3,5,tdma_y_comm, 0.000000000E+00
3,5,tdma_x_comm, 0.000000000E+00
3,5,tdma_z_gpu, 7.521600034E-04
3,5,tdma_y_gpu, 0.000000000E+00
3,5,tdma_x_gpu, 0.000000000E+00
3,6,rhs, 2.475620000E-04
3,6,solve_z, 1.289866000E-03
3,6,solve_y, 6.805710000E-04
3,6,solve_x, 7.186890000E-04
3,6,etc, 1.492000000E-06
3,6,comm, 6.586900000E-05
3,6,tdma_z_comm, 2.095540000E-04
3,6,tdma_y_comm, 0.000000000E+00
3,6,tdma_x_comm, 0.000000000E+00
3,6,tdma_z_gpu, 7.527359752E-04
3,6,tdma_y_gpu, 0.000000000E+00
3,6,tdma_x_gpu, 0.000000000E+00
3,7,rhs, 2.464790000E-04
3,7,solve_z, 1.294122000E-03
3,7,solve_y, 6.808320000E-04
3,7,solve_x, 7.180880000E-04
3,7,etc, 1.483000000E-06
3,7,comm, 6.684100000E-05
3,7,tdma_z_comm, 2.078220000E-04
3,7,tdma_y_comm, 0.000000000E+00
3,7,tdma_x_comm, 0.000000000E+00
3,7,tdma_z_gpu, 7.516479939E-04
3,7,tdma_y_gpu, 0.000000000E+00
3,7,tdma_x_gpu, 0.000000000E+00
3,8,rhs, 2.468500000E-04
3,8,solve_z, 1.280913000E-03
3,8,solve_y, 6.790290000E-04
3,8,solve_x, 7.270610000E-04
3,8,etc, 1.502000000E-06
3,8,comm, 6.648000000E-05
3,8,tdma_z_comm, 2.053580000E-04
3,8,tdma_y_comm, 0.000000000E+00
3,8,tdma_x_comm, 0.000000000E+00
3,8,tdma_z_gpu, 7.558720261E-04
3,8,tdma_y_gpu, 0.000000000E+00
3,8,tdma_x_gpu, 0.000000000E+00
3,9,rhs, 2.466600000E-04
3,9,solve_z, 1.270797000E-03
3,9,solve_y, 6.789290000E-04
3,9,solve_x, 7.216040000E-04
3,9,etc, 1.483000000E-06
3,9,comm, 6.629900000E-05
3,9,tdma_z_comm, 1.976260000E-04
3,9,tdma_y_comm, 0.000000000E+00
3,9,tdma_x_comm, 0.000000000E+00
3,9,tdma_z_gpu, 7.501440253E-04
3,9,tdma_y_gpu, 0.000000000E+00
3,9,tdma_x_gpu, 0.000000000E+00
3,10,rhs, 2.465700000E-04
3,10,solve_z, 1.276356000E-03
3,10,solve_y, 6.783480000E-04
3,10,solve_x, 7.190490000E-04
3,10,etc, 1.502000000E-06
3,10,comm, 6.462700000E-05
3,10,tdma_z_comm, 2.057790000E-04
3,10,tdma_y_comm, 0.000000000E+00
3,10,tdma_x_comm, 0.000000000E+00
3,10,tdma_z_gpu, 7.499839775E-04
3,10,tdma_y_gpu, 0.000000000E+00
3,10,tdma_x_gpu, 0.000000000E+00
3,11,rhs, 2.458390000E-04
3,11,solve_z, 1.290097000E-03
3,11,solve_y, 6.795310000E-04
3,11,solve_x, 7.249280000E-04
3,11,etc, 1.532000000E-06
3,11,comm, 6.605000000E-05
3,11,tdma_z_comm, 2.039360000E-04
3,11,tdma_y_comm, 0.000000000E+00
3,11,tdma_x_comm, 0.000000000E+00
3,11,tdma_z_gpu, 7.553599868E-04
3,11,tdma_y_gpu, 0.000000000E+00
3,11,tdma_x_gpu, 0.000000000E+00
3,12,rhs, 2.467400000E-04
3,12,solve_z, 1.288283000E-03
3,12,solve_y, 6.816230000E-04
3,12,solve_x, 7.180380000E-04
3,12,etc, 1.512000000E-06
3,12,comm, 6.747200000E-05
3,12,tdma_z_comm, 2.097440000E-04
3,12,tdma_y_comm, 0.000000000E+00
3,12,tdma_x_comm, 0.000000000E+00
3,12,tdma_z_gpu, 7.539840192E-04
3,12,tdma_y_gpu, 0.000000000E+00
3,12,tdma_x_gpu, 0.000000000E+00
3,13,rhs, 2.469510000E-04
3,13,solve_z, 1.296346000E-03
3,13,solve_y, 6.785090000E-04
3,13,solve_x, 7.196600000E-04
3,13,etc, 1.542000000E-06
3,13,comm, 6.370600000E-05
3,13,tdma_z_comm, 2.115080000E-04
3,13,tdma_y_comm, 0.000000000E+00
3,13,tdma_x_comm, 0.000000000E+00
3,13,tdma_z_gpu, 7.544960240E-04
3,13,tdma_y_gpu, 0.000000000E+00
3,13,tdma_x_gpu, 0.000000000E+00
3,14,rhs, 2.468200000E-04
3,14,solve_z, 1.287662000E-03
3,14,solve_y, 6.793800000E-04
3,14,solve_x, 7.208720000E-04
3,14,etc, 1.522000000E-06
3,14,comm, 6.752100000E-05
3,14,tdma_z_comm, 2.052090000E-04
3,14,tdma_y_comm, 0.000000000E+00
3,14,tdma_x_comm, 0.000000000E+00
3,14,tdma_z_gpu, 7.520640120E-04
3,14,tdma_y_gpu, 0.000000000E+00
3,14,tdma_x_gpu, 0.000000000E+00
3,15,rhs, 2.470010000E-04
3,15,solve_z, 1.276195000E-03
3,15,solve_y, 6.795600000E-04
3,15,solve_x, 7.206020000E-04
3,15,etc, 1.493000000E-06
3,15,comm, 6.418600000E-05
3,15,tdma_z_comm, 1.966150000E-04
3,15,tdma_y_comm, 0.000000000E+00
3,15,tdma_x_comm, 0.000000000E+00
3,15,tdma_z_gpu, 7.532479968E-04
3,15,tdma_y_gpu, 0.000000000E+00
3,15,tdma_x_gpu, 0.000000000E+00
3,16,rhs, 2.462390000E-04
3,16,solve_z, 1.279280000E-03
3,16,solve_y, 6.782080000E-04
3,16,solve_x, 7.221040000E-04
3,16,etc, 1.492000000E-06
3,16,comm, 6.610900000E-05
3,16,tdma_z_comm, 2.041670000E-04
3,16,tdma_y_comm, 0.000000000E+00
3,16,tdma_x_comm, 0.000000000E+00
3,16,tdma_z_gpu, 7.522240058E-04
3,16,tdma_y_gpu, 0.000000000E+00
3,16,tdma_x_gpu, 0.000000000E+00
3,17,rhs, 2.469010000E-04
3,17,solve_z, 1.301333000E-03
3,17,solve_y, 6.808120000E-04
3,17,solve_x, 7.194590000E-04
3,17,etc, 1.492000000E-06
3,17,comm, 6.517800000E-05
3,17,tdma_z_comm, 2.125680000E-04
3,17,tdma_y_comm, 0.000000000E+00
3,17,tdma_x_comm, 0.000000000E+00
3,17,tdma_z_gpu, 7.533439714E-04
3,17,tdma_y_gpu, 0.000000000E+00
3,17,tdma_x_gpu, 0.000000000E+00
3,18,rhs, 2.462600000E-04
3,18,solve_z, 1.290938000E-03
3,18,solve_y, 6.802910000E-04
3,18,solve_x, 7.266900000E-04
3,18,etc, 1.512000000E-06
3,18,comm, 6.617900000E-05
3,18,tdma_z_comm, 2.051070000E-04
3,18,tdma_y_comm, 0.000000000E+00
3,18,tdma_x_comm, 0.000000000E+00
3,18,tdma_z_gpu, 7.526080236E-04
3,18,tdma_y_gpu, 0.000000000E+00
3,18,tdma_x_gpu, 0.000000000E+00
3,19,rhs, 2.471910000E-04
3,19,solve_z, 1.286481000E-03
3,19,solve_y, 6.812930000E-04
3,19,solve_x, 7.187590000E-04
3,19,etc, 1.532000000E-06
3,19,comm, 6.521800000E-05
3,19,tdma_z_comm, 2.056700000E-04
3,19,tdma_y_comm, 0.000000000E+00
3,19,tdma_x_comm, 0.000000000E+00
3,19,tdma_z_gpu, 7.537280023E-04
3,19,tdma_y_gpu, 0.000000000E+00
3,19,tdma_x_gpu, 0.000000000E+00
3,20,rhs, 2.468900000E-04
3,20,solve_z, 1.289134000E-03
3,20,solve_y, 6.779480000E-04
3,20,solve_x, 7.197900000E-04
3,20,etc, 1.542000000E-06
3,20,comm, 6.462700000E-05
3,20,tdma_z_comm, 2.066000000E-04
3,20,tdma_y_comm, 0.000000000E+00
3,20,tdma_x_comm, 0.000000000E+00
3,20,tdma_z_gpu, 7.511040270E-04
3,20,tdma_y_gpu, 0.000000000E+00
3,20,tdma_x_gpu, 0.000000000E+00
4,1,rhs, 2.469600000E-04
4,1,solve_z, 1.291568000E-03
4,1,solve_y, 6.823440000E-04
4,1,solve_x, 7.202510000E-04
4,1,etc, 1.483000000E-06
4,1,comm, 7.472300000E-05
4,1,tdma_z_comm, 2.114470000E-04
4,1,tdma_y_comm, 0.000000000E+00
4,1,tdma_x_comm, 0.000000000E+00
4,1,tdma_z_gpu, 7.524160016E-04
4,1,tdma_y_gpu, 0.000000000E+00
4,1,tdma_x_gpu, 0.000000000E+00
4,2,rhs, 2.488040000E-04
4,2,solve_z, 1.287072000E-03
4,2,solve_y, 6.809620000E-04
4,2,solve_x, 7.181980000E-04
4,2,etc, 1.633000000E-06
4,2,comm, 6.700100000E-05
4,2,tdma_z_comm, 2.123780000E-04
4,2,tdma_y_comm, 0.000000000E+00
4,2,tdma_x_comm, 0.000000000E+00
4,2,tdma_z_gpu, 7.491519870E-04
4,2,tdma_y_gpu, 0.000000000E+00
4,2,tdma_x_gpu, 0.000000000E+00
4,3,rhs, 2.471210000E-04
4,3,solve_z, 1.290176000E-03
4,3,solve_y, 6.801810000E-04
4,3,solve_x, 7.237260000E-04
4,3,etc, 1.492000000E-06
4,3,comm, 6.610900000E-05
4,3,tdma_z_comm, 2.099150000E-04
4,3,tdma_y_comm, 0.000000000E+00
4,3,tdma_x_comm, 0.000000000E+00
4,3,tdma_z_gpu, 7.539839894E-04
4,3,tdma_y_gpu, 0.000000000E+00
4,3,tdma_x_gpu, 0.000000000E+00
4,4,rhs, 2.465400000E-04
4,4,solve_z, 1.283657000E-03
4,4,solve_y, 6.778070000E-04
4,4,solve_x, 7.200810000E-04
4,4,etc, 1.513000000E-06
4,4,comm, 6.679000000E-05
4,4,tdma_z_comm, 2.131610000E-04
4,4,tdma_y_comm, 0.000000000E+00
4,4,tdma_x_comm, 0.000000000E+00
4,4,tdma_z_gpu, 7.529280018E-04
4,4,tdma_y_gpu, 0.000000000E+00
4,4,tdma_x_gpu, 0.000000000E+00
4,5,rhs, 2.482230000E-04
4,5,solve_z, 1.274102000E-03
4,5,solve_y, 6.790800000E-04
4,5,solve_x, 7.133810000E-04
4,5,etc, 1.512000000E-06
4,5,comm, 6.467700000E-05
4,5,tdma_z_comm, 1.981980000E-04
4,5,tdma_y_comm, 0.000000000E+00
4,5,tdma_x_comm, 0.000000000E+00
4,5,tdma_z_gpu, 7.488320256E-04
4,5,tdma_y_gpu, 0.000000000E+00
4,5,tdma_x_gpu, 0.000000000E+00
4,6,rhs, 2.474110000E-04
4,6,solve_z, 1.281473000E-03
4,6,solve_y, 6.825740000E-04
4,6,solve_x, 7.241470000E-04
4,6,etc, 1.512000000E-06
4,6,comm, 6.912400000E-05
4,6,tdma_z_comm, 2.050290000E-04
4,6,tdma_y_comm, 0.000000000E+00
4,6,tdma_x_comm, 0.000000000E+00
4,6,tdma_z_gpu, 7.519039810E-04
4,6,tdma_y_gpu, 0.000000000E+00
4,6,tdma_x_gpu, 0.000000000E+00
4,7,rhs, 2.473010000E-04
4,7,solve_z, 1.294243000E-03
4,7,solve_y, 6.788190000E-04
4,7,solve_x, 7.233950000E-04
4,7,etc, 1.522000000E-06
4,7,comm, 6.477700000E-05
4,7,tdma_z_comm, 2.148530000E-04
4,7,tdma_y_comm, 0.000000000E+00
4,7,tdma_x_comm, 0.000000000E+00
4,7,tdma_z_gpu, 7.532479931E-04
4,7,tdma_y_gpu, 0.000000000E+00
4,7,tdma_x_gpu, 0.000000000E+00
4,8,rhs, 2.470600000E-04
4,8,solve_z, 1.282415000E-03
4,8,solve_y, 6.784280000E-04
4,8,solve_x, 7.198900000E-04
4,8,etc, 1.522000000E-06
4,8,comm, 6.535800000E-05
4,8,tdma_z_comm, 2.110570000E-04
4,8,tdma_y_comm, 0.000000000E+00
4,8,tdma_x_comm, 0.000000000E+00
4,8,tdma_z_gpu, 7.517120093E-04
4,8,tdma_y_gpu, 0.000000000E+00
4,8,tdma_x_gpu, 0.000000000E+00
4,9,rhs, 2.478920000E-04
4,9,solve_z, 1.285619000E-03
4,9,solve_y, 6.811330000E-04
4,9,solve_x, 7.248880000E-04
4,9,etc, 1.502000000E-06
4,9,comm, 6.680100000E-05
4,9,tdma_z_comm, 2.072410000E-04
4,9,tdma_y_comm, 0.000000000E+00
4,9,tdma_x_comm, 0.000000000E+00
4,9,tdma_z_gpu, 7.502719704E-04
4,9,tdma_y_gpu, 0.000000000E+00
4,9,tdma_x_gpu, 0.000000000E+00
4,10,rhs, 2.473910000E-04
4,10,solve_z, 1.278439000E-03
4,10,solve_y, 6.793200000E-04
4,10,solve_x, 7.204620000E-04
4,10,etc, 1.512000000E-06
4,10,comm, 6.538800000E-05
4,10,tdma_z_comm, 2.072410000E-04
4,10,tdma_y_comm, 0.000000000E+00
4,10,tdma_x_comm, 0.000000000E+00
4,10,tdma_z_gpu, 7.497600019E-04
4,10,tdma_y_gpu, 0.000000000E+00
4,10,tdma_x_gpu, 0.000000000E+00
4,11,rhs, 2.474310000E-04
4,11,solve_z, 1.286981000E-03
4,11,solve_y, 6.804620000E-04
4,11,solve_x, 7.240570000E-04
4,11,etc, 1.532000000E-06
4,11,comm, 6.615000000E-05
4,11,tdma_z_comm, 2.028550000E-04
4,11,tdma_y_comm, 0.000000000E+00
4,11,tdma_x_comm, 0.000000000E+00
4,11,tdma_z_gpu, 7.494720099E-04
4,11,tdma_y_gpu, 0.000000000E+00
4,11,tdma_x_gpu, 0.000000000E+00
4,12,rhs, 2.481120000E-04
4,12,solve_z, 1.265029000E-03
4,12,solve_y, 6.793790000E-04
4,12,solve_x, 7.225050000E-04
4,12,etc, 1.502000000E-06
4,12,comm, 6.731100000E-05
4,12,tdma_z_comm, 1.936000000E-04
4,12,tdma_y_comm, 0.000000000E+00
4,12,tdma_x_comm, 0.000000000E+00
4,12,tdma_z_gpu, 7.520960346E-04
4,12,tdma_y_gpu, 0.000000000E+00
4,12,tdma_x_gpu, 0.000000000E+00
4,13,rhs, 2.472710000E-04
4,13,solve_z, 1.296536000E-03
4,13,solve_y, 6.793900000E-04
4,13,solve_x, 7.173460000E-04
4,13,etc, 1.552000000E-06
4,13,comm, 6.376600000E-05
4,13,tdma_z_comm, 2.140710000E-04
4,13,tdma_y_comm, 0.000000000E+00
4,13,tdma_x_comm, 0.000000000E+00
4,13,tdma_z_gpu, 7.503360286E-04
4,13,tdma_y_gpu, 0.000000000E+00
4,13,tdma_x_gpu, 0.000000000E+00
4,14,rhs, 2.474410000E-04
4,14,solve_z, 1.293811000E-03
4,14,solve_y, 6.798300000E-04
4,14,solve_x, 7.181380000E-04
4,14,etc, 1.522000000E-06
4,14,comm, 6.566900000E-05
4,14,tdma_z_comm, 2.097350000E-04
4,14,tdma_y_comm, 0.000000000E+00
4,14,tdma_x_comm, 0.000000000E+00
4,14,tdma_z_gpu, 7.535680234E-04
4,14,tdma_y_gpu, 0.000000000E+00
4,14,tdma_x_gpu, 0.000000000E+00
4,15,rhs, 2.473710000E-04
4,15,solve_z, 1.283547000E-03
4,15,solve_y, 6.806920000E-04
4,15,solve_x, 7.226950000E-04
4,15,etc, 1.512000000E-06
4,15,comm, 6.430600000E-05
4,15,tdma_z_comm, 2.097650000E-04
4,15,tdma_y_comm, 0.000000000E+00
4,15,tdma_x_comm, 0.000000000E+00
4,15,tdma_z_gpu, 7.508479832E-04
4,15,tdma_y_gpu, 0.000000000E+00
4,15,tdma_x_gpu, 0.000000000E+00
4,16,rhs, 2.473520000E-04
4,16,solve_z, 1.283887000E-03
4,16,solve_y, 6.778270000E-04
4,16,solve_x, 7.188690000E-04
4,16,etc, 1.492000000E-06
4,16,comm, 6.405600000E-05
4,16,tdma_z_comm, 2.111870000E-04
4,16,tdma_y_comm, 0.000000000E+00
4,16,tdma_x_comm, 0.000000000E+00
4,16,tdma_z_gpu, 7.536639906E-04
4,16,tdma_y_gpu, 0.000000000E+00
4,16,tdma_x_gpu, 0.000000000E+00
4,17,rhs, 2.472910000E-04
4,17,solve_z, 1.300482000E-03
4,17,solve_y, 6.814020000E-04
4,17,solve_x, 7.201510000E-04
4,17,etc, 1.502000000E-06
4,17,comm, 6.410600000E-05
4,17,tdma_z_comm, 2.162540000E-04
4,17,tdma_y_comm, 0.000000000E+00
4,17,tdma_x_comm, 0.000000000E+00
4,17,tdma_z_gpu, 7.514559953E-04
4,17,tdma_y_gpu, 0.000000000E+00
4,17,tdma_x_gpu, 0.000000000E+00
4,18,rhs, 2.471610000E-04
4,18,solve_z, 1.288594000E-03
4,18,solve_y, 6.789490000E-04
4,18,solve_x, 7.151630000E-04
4,18,etc, 1.503000000E-06
4,18,comm, 6.545800000E-05
4,18,tdma_z_comm, 2.053480000E-04
4,18,tdma_y_comm, 0.000000000E+00
4,18,tdma_x_comm, 0.000000000E+00
4,18,tdma_z_gpu, 7.541440139E-04
4,18,tdma_y_gpu, 0.000000000E+00
4,18,tdma_x_gpu, 0.000000000E+00
4,19,rhs, 2.471510000E-04
4,19,solve_z, 1.272610000E-03
4,19,solve_y, 6.768560000E-04
4,19,solve_x, 7.170660000E-04
4,19,etc, 1.532000000E-06
4,19,comm, 6.484700000E-05
4,19,tdma_z_comm, 2.004610000E-04
4,19,tdma_y_comm, 0.000000000E+00
4,19,tdma_x_comm, 0.000000000E+00
4,19,tdma_z_gpu, 7.499199826E-04
4,19,tdma_y_gpu, 0.000000000E+00
4,19,tdma_x_gpu, 0.000000000E+00
4,20,rhs, 2.471710000E-04
4,20,solve_z, 1.285470000E-03
4,20,solve_y, 6.799300000E-04
4,20,solve_x, 7.179670000E-04
4,20,etc, 1.562000000E-06
4,20,comm, 6.448700000E-05
4,20,tdma_z_comm, 2.018020000E-04
4,20,tdma_y_comm, 0.000000000E+00
4,20,tdma_x_comm, 0.000000000E+00
4,20,tdma_z_gpu, 7.529280260E-04
4,20,tdma_y_gpu, 0.000000000E+00
4,20,tdma_x_gpu, 0.000000000E+00
5,1,rhs, 2.470810000E-04
5,1,solve_z, 1.287933000E-03
5,1,solve_y, 6.789190000E-04
5,1,solve_x, 7.173570000E-04
5,1,etc, 1.573000000E-06
5,1,comm, 7.255900000E-05
5,1,tdma_z_comm, 2.092630000E-04
5,1,tdma_y_comm, 0.000000000E+00
5,1,tdma_x_comm, 0.000000000E+00
5,1,tdma_z_gpu, 7.532799914E-04
5,1,tdma_y_gpu, 0.000000000E+00
5,1,tdma_x_gpu, 0.000000000E+00
5,2,rhs, 2.472520000E-04
5,2,solve_z, 1.296666000E-03
5,2,solve_y, 6.782480000E-04
5,2,solve_x, 7.173070000E-04
5,2,etc, 1.613000000E-06
5,2,comm, 6.767200000E-05
5,2,tdma_z_comm, 2.138020000E-04
5,2,tdma_y_comm, 0.000000000E+00
5,2,tdma_x_comm, 0.000000000E+00
5,2,tdma_z_gpu, 7.520960178E-04
5,2,tdma_y_gpu, 0.000000000E+00
5,2,tdma_x_gpu, 0.000000000E+00
5,3,rhs, 2.463900000E-04
5,3,solve_z, 1.283587000E-03
5,3,solve_y, 6.786090000E-04
5,3,solve_x, 7.233260000E-04
5,3,etc, 1.573000000E-06
5,3,comm, 6.624000000E-05
5,3,tdma_z_comm, 2.031850000E-04
5,3,tdma_y_comm, 0.000000000E+00
5,3,tdma_x_comm, 0.000000000E+00
5,3,tdma_z_gpu, 7.521599839E-04
5,3,tdma_y_gpu, 0.000000000E+00
5,3,tdma_x_gpu, 0.000000000E+00
5,4,rhs, 2.458890000E-04
5,4,solve_z, 1.292380000E-03
5,4,solve_y, 6.787990000E-04
5,4,solve_x, 7.225850000E-04
5,4,etc, 1.573000000E-06
5,4,comm, 6.528800000E-05
5,4,tdma_z_comm, 2.133000000E-04
5,4,tdma_y_comm, 0.000000000E+00
5,4,tdma_x_comm, 0.000000000E+00
5,4,tdma_z_gpu, 7.545600310E-04
5,4,tdma_y_gpu, 0.000000000E+00
5,4,tdma_x_gpu, 0.000000000E+00
5,5,rhs, 2.459390000E-04
5,5,solve_z, 1.282685000E-03
5,5,solve_y, 6.801310000E-04
5,5,solve_x, 7.182270000E-04
5,5,etc, 1.612000000E-06
5,5,comm, 6.479700000E-05
5,5,tdma_z_comm, 2.109770000E-04
5,5,tdma_y_comm, 0.000000000E+00
5,5,tdma_x_comm, 0.000000000E+00
5,5,tdma_z_gpu, 7.499199966E-04
5,5,tdma_y_gpu, 0.000000000E+00
5,5,tdma_x_gpu, 0.000000000E+00
5,6,rhs, 2.472520000E-04
5,6,solve_z, 1.286311000E-03
5,6,solve_y, 6.812820000E-04
5,6,solve_x, 7.210520000E-04
5,6,etc, 1.613000000E-06
5,6,comm, 6.829300000E-05
5,6,tdma_z_comm, 2.134410000E-04
5,6,tdma_y_comm, 0.000000000E+00
5,6,tdma_x_comm, 0.000000000E+00
5,6,tdma_z_gpu, 7.510079909E-04
5,6,tdma_y_gpu, 0.000000000E+00
5,6,tdma_x_gpu, 0.000000000E+00
5,7,rhs, 2.467410000E-04
5,7,solve_z, 1.295555000E-03
5,7,solve_y, 6.796890000E-04
5,7,solve_x, 7.200900000E-04
5,7,etc, 1.582000000E-06
5,7,comm, 6.562900000E-05
5,7,tdma_z_comm, 2.134000000E-04
5,7,tdma_y_comm, 0.000000000E+00
5,7,tdma_x_comm, 0.000000000E+00
5,7,tdma_z_gpu, 7.513920236E-04
5,7,tdma_y_gpu, 0.000000000E+00
5,7,tdma_x_gpu, 0.000000000E+00
5,8,rhs, 2.461490000E-04
5,8,solve_z, 1.291158000E-03
5,8,solve_y, 6.799110000E-04
5,8,solve_x, 7.200610000E-04
5,8,etc, 1.562000000E-06
5,8,comm, 6.604900000E-05
5,8,tdma_z_comm, 2.121990000E-04
5,8,tdma_y_comm, 0.000000000E+00
5,8,tdma_x_comm, 0.000000000E+00
5,8,tdma_z_gpu, 7.523519937E-04
5,8,tdma_y_gpu, 0.000000000E+00
5,8,tdma_x_gpu, 0.000000000E+00
5,9,rhs, 2.463500000E-04
5,9,solve_z, 1.286140000E-03
5,9,solve_y, 6.792690000E-04
5,9,solve_x, 7.201210000E-04
5,9,etc, 1.602000000E-06
5,9,comm, 6.554800000E-05
5,9,tdma_z_comm, 2.090530000E-04
5,9,tdma_y_comm, 0.000000000E+00
5,9,tdma_x_comm, 0.000000000E+00
5,9,tdma_z_gpu, 7.520960057E-04
5,9,tdma_y_gpu, 0.000000000E+00
5,9,tdma_x_gpu, 0.000000000E+00
5,10,rhs, 2.460300000E-04
5,10,solve_z, 1.288584000E-03
5,10,solve_y, 6.773060000E-04
5,10,solve_x, 7.196500000E-04
5,10,etc, 1.563000000E-06
5,10,comm, 6.478700000E-05
5,10,tdma_z_comm, 2.097250000E-04
5,10,tdma_y_comm, 0.000000000E+00
5,10,tdma_x_comm, 0.000000000E+00
5,10,tdma_z_gpu, 7.518080100E-04
5,10,tdma_y_gpu, 0.000000000E+00
5,10,tdma_x_gpu, 0.000000000E+00
5,11,rhs, 2.457690000E-04
5,11,solve_z, 1.289896000E-03
5,11,solve_y, 6.792000000E-04
5,11,solve_x, 7.200700000E-04
5,11,etc, 1.582000000E-06
5,11,comm, 6.516800000E-05
5,11,tdma_z_comm, 2.085730000E-04
5,11,tdma_y_comm, 0.000000000E+00
5,11,tdma_x_comm, 0.000000000E+00
5,11,tdma_z_gpu, 7.510080263E-04
5,11,tdma_y_gpu, 0.000000000E+00
5,11,tdma_x_gpu, 0.000000000E+00
5,12,rhs, 2.467100000E-04
5,12,solve_z, 1.289125000E-03
5,12,solve_y, 6.829150000E-04
5,12,solve_x, 7.174270000E-04
5,12,etc, 1.583000000E-06
5,12,comm, 6.481700000E-05
5,12,tdma_z_comm, 2.071210000E-04
5,12,tdma_y_comm, 0.000000000E+00
5,12,tdma_x_comm, 0.000000000E+00
5,12,tdma_z_gpu, 7.530239839E-04
5,12,tdma_y_gpu, 0.000000000E+00
5,12,tdma_x_gpu, 0.000000000E+00
5,13,rhs, 2.471810000E-04
5,13,solve_z, 1.295374000E-03
5,13,solve_y, 6.784390000E-04
5,13,solve_x, 7.235060000E-04
5,13,etc, 1.562000000E-06
5,13,comm, 6.649000000E-05
5,13,tdma_z_comm, 2.089040000E-04
5,13,tdma_y_comm, 0.000000000E+00
5,13,tdma_x_comm, 0.000000000E+00
5,13,tdma_z_gpu, 7.518400177E-04
5,13,tdma_y_gpu, 0.000000000E+00
5,13,tdma_x_gpu, 0.000000000E+00
5,14,rhs, 2.466500000E-04
5,14,solve_z, 1.295254000E-03
5,14,solve_y, 6.806220000E-04
5,14,solve_x, 7.249780000E-04
5,14,etc, 1.552000000E-06
5,14,comm, 6.769200000E-05
5,14,tdma_z_comm, 2.137210000E-04
5,14,tdma_y_comm, 0.000000000E+00
5,14,tdma_x_comm, 0.000000000E+00
5,14,tdma_z_gpu, 7.499519829E-04
5,14,tdma_y_gpu, 0.000000000E+00
5,14,tdma_x_gpu, 0.000000000E+00
5,15,rhs, 2.460690000E-04
5,15,solve_z, 1.287131000E-03
5,15,solve_y, 6.803310000E-04
5,15,solve_x, 7.205320000E-04
5,15,etc, 1.532000000E-06
5,15,comm, 6.577900000E-05
5,15,tdma_z_comm, 2.079220000E-04
5,15,tdma_y_comm, 0.000000000E+00
5,15,tdma_x_comm, 0.000000000E+00
5,15,tdma_z_gpu, 7.538879905E-04
5,15,tdma_y_gpu, 0.000000000E+00
5,15,tdma_x_gpu, 0.000000000E+00
5,16,rhs, 2.456790000E-04
5,16,solve_z, 1.290728000E-03
5,16,solve_y, 6.794300000E-04
5,16,solve_x, 7.170560000E-04
5,16,etc, 1.572000000E-06
5,16,comm, 6.500800000E-05
5,16,tdma_z_comm, 2.129400000E-04
5,16,tdma_y_comm, 0.000000000E+00
5,16,tdma_x_comm, 0.000000000E+00
5,16,tdma_z_gpu, 7.537599737E-04
5,16,tdma_y_gpu, 0.000000000E+00
5,16,tdma_x_gpu, 0.000000000E+00
5,17,rhs, 2.465200000E-04
5,17,solve_z, 1.296306000E-03
5,17,solve_y, 6.789890000E-04
5,17,solve_x, 7.242780000E-04
5,17,etc, 1.552000000E-06
5,17,comm, 6.755100000E-05
5,17,tdma_z_comm, 2.148630000E-04
5,17,tdma_y_comm, 0.000000000E+00
5,17,tdma_x_comm, 0.000000000E+00
5,17,tdma_z_gpu, 7.510080058E-04
5,17,tdma_y_gpu, 0.000000000E+00
5,17,tdma_x_gpu, 0.000000000E+00
5,18,rhs, 2.458490000E-04
5,18,solve_z, 1.281394000E-03
5,18,solve_y, 6.815330000E-04
5,18,solve_x, 7.204310000E-04
5,18,etc, 1.572000000E-06
5,18,comm, 6.482700000E-05
5,18,tdma_z_comm, 1.964660000E-04
5,18,tdma_y_comm, 0.000000000E+00
5,18,tdma_x_comm, 0.000000000E+00
5,18,tdma_z_gpu, 7.529599946E-04
5,18,tdma_y_gpu, 0.000000000E+00
5,18,tdma_x_gpu, 0.000000000E+00
5,19,rhs, 2.461290000E-04
5,19,solve_z, 1.284598000E-03
5,19,solve_y, 6.786490000E-04
5,19,solve_x, 7.277730000E-04
5,19,etc, 1.573000000E-06
5,19,comm, 6.568900000E-05
5,19,tdma_z_comm, 2.084530000E-04
5,19,tdma_y_comm, 0.000000000E+00
5,19,tdma_x_comm, 0.000000000E+00
5,19,tdma_z_gpu, 7.514559729E-04
5,19,tdma_y_gpu, 0.000000000E+00
5,19,tdma_x_gpu, 0.000000000E+00
5,20,rhs, 2.470410000E-04
5,20,solve_z, 1.262915000E-03
5,20,solve_y, 6.755640000E-04
5,20,solve_x, 7.223040000E-04
5,20,etc, 1.572000000E-06
5,20,comm, 6.474700000E-05
5,20,tdma_z_comm, 1.864690000E-04
5,20,tdma_y_comm, 0.000000000E+00
5,20,tdma_x_comm, 0.000000000E+00
5,20,tdma_z_gpu, 7.507840302E-04
5,20,tdma_y_gpu, 0.000000000E+00
5,20,tdma_x_gpu, 0.000000000E+00
6,1,rhs, 2.476810000E-04
6,1,solve_z, 1.287161000E-03
6,1,solve_y, 6.790890000E-04
6,1,solve_x, 7.193990000E-04
6,1,etc, 1.663000000E-06
6,1,comm, 6.974500000E-05
6,1,tdma_z_comm, 2.096250000E-04
6,1,tdma_y_comm, 0.000000000E+00
6,1,tdma_x_comm, 0.000000000E+00
6,1,tdma_z_gpu, 7.492799759E-04
6,1,tdma_y_gpu, 0.000000000E+00
6,1,tdma_x_gpu, 0.000000000E+00
6,2,rhs, 2.484230000E-04
6,2,solve_z, 1.301564000E-03
6,2,solve_y, 6.837660000E-04
6,2,solve_x, 7.274720000E-04
6,2,etc, 1.633000000E-06
6,2,comm, 6.859300000E-05
6,2,tdma_z_comm, 2.118680000E-04
6,2,tdma_y_comm, 0.000000000E+00
6,2,tdma_x_comm, 0.000000000E+00
6,2,tdma_z_gpu, 7.533760071E-04
6,2,tdma_y_gpu, 0.000000000E+00
6,2,tdma_x_gpu, 0.000000000E+00
6,3,rhs, 2.474110000E-04
6,3,solve_z, 1.295224000E-03
6,3,solve_y, 6.805610000E-04
6,3,solve_x, 7.230250000E-04
6,3,etc, 1.633000000E-06
6,3,comm, 6.726100000E-05
6,3,tdma_z_comm, 2.060900000E-04
6,3,tdma_y_comm, 0.000000000E+00
6,3,tdma_x_comm, 0.000000000E+00
6,3,tdma_z_gpu, 7.513919957E-04
6,3,tdma_y_gpu, 0.000000000E+00
6,3,tdma_x_gpu, 0.000000000E+00
6,4,rhs, 2.474620000E-04
6,4,solve_z, 1.287693000E-03
6,4,solve_y, 6.797600000E-04
6,4,solve_x, 7.207720000E-04
6,4,etc, 1.643000000E-06
6,4,comm, 6.626900000E-05
6,4,tdma_z_comm, 2.123090000E-04
6,4,tdma_y_comm, 0.000000000E+00
6,4,tdma_x_comm, 0.000000000E+00
6,4,tdma_z_gpu, 7.509440137E-04
6,4,tdma_y_gpu, 0.000000000E+00
6,4,tdma_x_gpu, 0.000000000E+00
6,5,rhs, 2.469810000E-04
6,5,solve_z, 1.290367000E-03
6,5,solve_y, 6.817230000E-04
6,5,solve_x, 7.209920000E-04
6,5,etc, 1.662000000E-06
6,5,comm, 6.554800000E-05
6,5,tdma_z_comm, 2.084320000E-04
6,5,tdma_y_comm, 0.000000000E+00
6,5,tdma_x_comm, 0.000000000E+00
6,5,tdma_z_gpu, 7.532479893E-04
6,5,tdma_y_gpu, 0.000000000E+00
6,5,tdma_x_gpu, 0.000000000E+00
6,6,rhs, 2.484630000E-04
6,6,solve_z, 1.282945000E-03
6,6,solve_y, 6.786590000E-04
6,6,solve_x, 7.154340000E-04
6,6,etc, 1.643000000E-06
6,6,comm, 6.672000000E-05
6,6,tdma_z_comm, 2.121580000E-04
6,6,tdma_y_comm, 0.000000000E+00
6,6,tdma_x_comm, 0.000000000E+00
6,6,tdma_z_gpu, 7.517120019E-04
6,6,tdma_y_gpu, 0.000000000E+00
6,6,tdma_x_gpu, 0.000000000E+00
6,7,rhs, 2.473820000E-04
6,7,solve_z, 1.297938000E-03
6,7,solve_y, 6.802810000E-04
6,7,solve_x, 7.242980000E-04
6,7,etc, 1.643000000E-06
6,7,comm, 6.736100000E-05
6,7,tdma_z_comm, 2.186370000E-04
6,7,tdma_y_comm, 0.000000000E+00
6,7,tdma_x_comm, 0.000000000E+00
6,7,tdma_z_gpu, 7.483839765E-04
6,7,tdma_y_gpu, 0.000000000E+00
6,7,tdma_x_gpu, 0.000000000E+00
6,8,rhs, 2.476720000E-04
6,8,solve_z, 1.291659000E-03
6,8,solve_y, 6.807020000E-04
6,8,solve_x, 7.272410000E-04
6,8,etc, 1.663000000E-06
6,8,comm, 6.856300000E-05
6,8,tdma_z_comm, 2.102760000E-04
6,8,tdma_y_comm, 0.000000000E+00
6,8,tdma_x_comm, 0.000000000E+00
6,8,tdma_z_gpu, 7.531839851E-04
6,8,tdma_y_gpu, 0.000000000E+00
6,8,tdma_x_gpu, 0.000000000E+00
6,9,rhs, 2.476220000E-04
6,9,solve_z, 1.288363000E-03
6,9,solve_y, 6.834760000E-04
6,9,solve_x, 7.164350000E-04
6,9,etc, 1.652000000E-06
6,9,comm, 6.596900000E-05
6,9,tdma_z_comm, 2.074520000E-04
6,9,tdma_y_comm, 0.000000000E+00
6,9,tdma_x_comm, 0.000000000E+00
6,9,tdma_z_gpu, 7.519360213E-04
6,9,tdma_y_gpu, 0.000000000E+00
6,9,tdma_x_gpu, 0.000000000E+00
6,10,rhs, 2.475620000E-04
6,10,solve_z, 1.285179000E-03
6,10,solve_y, 6.795100000E-04
6,10,solve_x, 7.252690000E-04
6,10,etc, 1.642000000E-06
6,10,comm, 6.516800000E-05
6,10,tdma_z_comm, 2.067800000E-04
6,10,tdma_y_comm, 0.000000000E+00
6,10,tdma_x_comm, 0.000000000E+00
6,10,tdma_z_gpu, 7.520319689E-04
6,10,tdma_y_gpu, 0.000000000E+00
6,10,tdma_x_gpu, 0.000000000E+00
6,11,rhs, 2.477520000E-04
6,11,solve_z, 1.292960000E-03
6,11,solve_y, 6.818740000E-04
6,11,solve_x, 7.233550000E-04
6,11,etc, 1.632000000E-06
6,11,comm, 6.619900000E-05
6,11,tdma_z_comm, 2.081230000E-04
6,11,tdma_y_comm, 0.000000000E+00
6,11,tdma_x_comm, 0.000000000E+00
6,11,tdma_z_gpu, 7.544640088E-04
6,11,tdma_y_gpu, 0.000000000E+00
6,11,tdma_x_gpu, 0.000000000E+00
6,12,rhs, 2.477720000E-04
6,12,solve_z, 1.286010000E-03
6,12,solve_y, 6.810120000E-04
6,12,solve_x, 7.243670000E-04
6,12,etc, 1.622000000E-06
6,12,comm, 6.675000000E-05
6,12,tdma_z_comm, 2.102560000E-04
6,12,tdma_y_comm, 0.000000000E+00
6,12,tdma_x_comm, 0.000000000E+00
6,12,tdma_z_gpu, 7.515839841E-04
6,12,tdma_y_gpu, 0.000000000E+00
6,12,tdma_x_gpu, 0.000000000E+00
6,13,rhs, 2.479820000E-04
6,13,solve_z, 1.297527000E-03
6,13,solve_y, 6.813430000E-04
6,13,solve_x, 7.167350000E-04
6,13,etc, 1.662000000E-06
6,13,comm, 6.717100000E-05
6,13,tdma_z_comm, 2.122090000E-04
6,13,tdma_y_comm, 0.000000000E+00
6,13,tdma_x_comm, 0.000000000E+00
6,13,tdma_z_gpu, 7.518719966E-04
6,13,tdma_y_gpu, 0.000000000E+00
6,13,tdma_x_gpu, 0.000000000E+00
6,14,rhs, 2.480920000E-04
6,14,solve_z, 1.295133000E-03
6,14,solve_y, 6.778970000E-04
6,14,solve_x, 7.264800000E-04
6,14,etc, 1.632000000E-06
6,14,comm, 6.902400000E-05
6,14,tdma_z_comm, 2.138610000E-04
6,14,tdma_y_comm, 0.000000000E+00
6,14,tdma_x_comm, 0.000000000E+00
6,14,tdma_z_gpu, 7.499520201E-04
6,14,tdma_y_gpu, 0.000000000E+00
6,14,tdma_x_gpu, 0.000000000E+00
6,15,rhs, 2.474710000E-04
6,15,solve_z, 1.291247000E-03
6,15,solve_y, 6.814030000E-04
6,15,solve_x, 7.244770000E-04
6,15,etc, 1.622000000E-06
6,15,comm, 6.654000000E-05
6,15,tdma_z_comm, 2.108060000E-04
6,15,tdma_y_comm, 0.000000000E+00
6,15,tdma_x_comm, 0.000000000E+00
6,15,tdma_z_gpu, 7.510400293E-04
6,15,tdma_y_gpu, 0.000000000E+00
6,15,tdma_x_gpu, 0.000000000E+00
6,16,rhs, 2.475220000E-04
6,16,solve_z, 1.299110000E-03
6,16,solve_y, 6.826440000E-04
6,16,solve_x, 7.211620000E-04
6,16,etc, 1.642000000E-06
6,16,comm, 6.702100000E-05
6,16,tdma_z_comm, 2.132190000E-04
6,16,tdma_y_comm, 0.000000000E+00
6,16,tdma_x_comm, 0.000000000E+00
6,16,tdma_z_gpu, 7.524160305E-04
6,16,tdma_y_gpu, 0.000000000E+00
6,16,tdma_x_gpu, 0.000000000E+00
6,17,rhs, 2.475810000E-04
6,17,solve_z, 1.297036000E-03
6,17,solve_y, 6.804910000E-04
6,17,solve_x, 7.205120000E-04
6,17,etc, 1.733000000E-06
6,17,comm, 6.867300000E-05
6,17,tdma_z_comm, 2.154840000E-04
6,17,tdma_y_comm, 0.000000000E+00
6,17,tdma_x_comm, 0.000000000E+00
6,17,tdma_z_gpu, 7.513600215E-04
6,17,tdma_y_gpu, 0.000000000E+00
6,17,tdma_x_gpu, 0.000000000E+00
6,18,rhs, 2.487730000E-04
6,18,solve_z, 1.287963000E-03
6,18,solve_y, 6.795400000E-04
6,18,solve_x, 7.217530000E-04
6,18,etc, 1.633000000E-06
6,18,comm, 6.494700000E-05
6,18,tdma_z_comm, 2.033950000E-04
6,18,tdma_y_comm, 0.000000000E+00
6,18,tdma_x_comm, 0.000000000E+00
6,18,tdma_z_gpu, 7.528320029E-04
6,18,tdma_y_gpu, 0.000000000E+00
6,18,tdma_x_gpu, 0.000000000E+00
6,19,rhs, 2.472110000E-04
6,19,solve_z, 1.290727000E-03
6,19,solve_y, 6.810220000E-04
6,19,solve_x, 7.326400000E-04
6,19,etc, 1.632000000E-06
6,19,comm, 6.717100000E-05
6,19,tdma_z_comm, 2.077920000E-04
6,19,tdma_y_comm, 0.000000000E+00
6,19,tdma_x_comm, 0.000000000E+00
6,19,tdma_z_gpu, 7.513599992E-04
6,19,tdma_y_gpu, 0.000000000E+00
6,19,tdma_x_gpu, 0.000000000E+00
6,20,rhs, 2.487440000E-04
6,20,solve_z, 1.284398000E-03
6,20,solve_y, 6.813630000E-04
6,20,solve_x, 7.223340000E-04
6,20,etc, 1.683000000E-06
6,20,comm, 6.632900000E-05
6,20,tdma_z_comm, 2.045970000E-04
6,20,tdma_y_comm, 0.000000000E+00
6,20,tdma_x_comm, 0.000000000E+00
6,20,tdma_z_gpu, 7.501439676E-04
6,20,tdma_y_gpu, 0.000000000E+00
6,20,tdma_x_gpu, 0.000000000E+00
7,1,rhs, 2.469110000E-04
7,1,solve_z, 1.276766000E-03
7,1,solve_y, 6.771260000E-04
7,1,solve_x, 7.173770000E-04
7,1,etc, 1.492000000E-06
7,1,comm, 6.040000000E-05
7,1,tdma_z_comm, 2.036460000E-04
7,1,tdma_y_comm, 0.000000000E+00
7,1,tdma_x_comm, 0.000000000E+00
7,1,tdma_z_gpu, 7.496960191E-04
7,1,tdma_y_gpu, 0.000000000E+00
7,1,tdma_x_gpu, 0.000000000E+00
7,2,rhs, 2.477720000E-04
7,2,solve_z, 1.286842000E-03
7,2,solve_y, 6.815530000E-04
7,2,solve_x, 7.209320000E-04
7,2,etc, 1.442000000E-06
7,2,comm, 6.052100000E-05
7,2,tdma_z_comm, 2.080830000E-04
7,2,tdma_y_comm, 0.000000000E+00
7,2,tdma_x_comm, 0.000000000E+00
7,2,tdma_z_gpu, 7.546240110E-04
7,2,tdma_y_gpu, 0.000000000E+00
7,2,tdma_x_gpu, 0.000000000E+00
7,3,rhs, 2.465100000E-04
7,3,solve_z, 1.266391000E-03
7,3,solve_y, 6.769160000E-04
7,3,solve_x, 7.191800000E-04
7,3,etc, 1.423000000E-06
7,3,comm, 5.803700000E-05
7,3,tdma_z_comm, 1.977860000E-04
7,3,tdma_y_comm, 0.000000000E+00
7,3,tdma_x_comm, 0.000000000E+00
7,3,tdma_z_gpu, 7.483200300E-04
7,3,tdma_y_gpu, 0.000000000E+00
7,3,tdma_x_gpu, 0.000000000E+00
7,4,rhs, 2.462700000E-04
7,4,solve_z, 1.285919000E-03
7,4,solve_y, 6.762850000E-04
7,4,solve_x, 7.221740000E-04
7,4,etc, 1.422000000E-06
7,4,comm, 5.784700000E-05
7,4,tdma_z_comm, 2.121790000E-04
7,4,tdma_y_comm, 0.000000000E+00
7,4,tdma_x_comm, 0.000000000E+00
7,4,tdma_z_gpu, 7.536960179E-04
7,4,tdma_y_gpu, 0.000000000E+00
7,4,tdma_x_gpu, 0.000000000E+00
7,5,rhs, 2.468910000E-04
7,5,solve_z, 1.277247000E-03
7,5,solve_y, 6.787580000E-04
7,5,solve_x, 7.209330000E-04
7,5,etc, 1.462000000E-06
7,5,comm, 5.803700000E-05
7,5,tdma_z_comm, 1.971360000E-04
7,5,tdma_y_comm, 0.000000000E+00
7,5,tdma_x_comm, 0.000000000E+00
7,5,tdma_z_gpu, 7.559680063E-04
7,5,tdma_y_gpu, 0.000000000E+00
7,5,tdma_x_gpu, 0.000000000E+00
7,6,rhs, 2.477520000E-04
7,6,solve_z, 1.269526000E-03
7,6,solve_y, 6.785380000E-04
7,6,solve_x, 7.181380000E-04
7,6,etc, 1.443000000E-06
7,6,comm, 5.970000000E-05
7,6,tdma_z_comm, 2.026140000E-04
7,6,tdma_y_comm, 0.000000000E+00
7,6,tdma_x_comm, 0.000000000E+00
7,6,tdma_z_gpu, 7.519039903E-04
7,6,tdma_y_gpu, 0.000000000E+00
7,6,tdma_x_gpu, 0.000000000E+00
7,7,rhs, 2.471910000E-04
7,7,solve_z, 1.286781000E-03
7,7,solve_y, 6.789600000E-04
7,7,solve_x, 7.187290000E-04
7,7,etc, 1.453000000E-06
7,7,comm, 5.881800000E-05
7,7,tdma_z_comm, 2.125790000E-04
7,7,tdma_y_comm, 0.000000000E+00
7,7,tdma_x_comm, 0.000000000E+00
7,7,tdma_z_gpu, 7.516479893E-04
7,7,tdma_y_gpu, 0.000000000E+00
7,7,tdma_x_gpu, 0.000000000E+00
7,8,rhs, 2.478520000E-04
7,8,solve_z, 1.277377000E-03
7,8,solve_y, 6.802520000E-04
7,8,solve_x, 7.229150000E-04
7,8,etc, 1.432000000E-06
7,8,comm, 5.766600000E-05
7,8,tdma_z_comm, 2.060590000E-04
7,8,tdma_y_comm, 0.000000000E+00
7,8,tdma_x_comm, 0.000000000E+00
7,8,tdma_z_gpu, 7.543039722E-04
7,8,tdma_y_gpu, 0.000000000E+00
7,8,tdma_x_gpu, 0.000000000E+00
7,9,rhs, 2.474510000E-04
7,9,solve_z, 1.267262000E-03
7,9,solve_y, 6.789890000E-04
7,9,solve_x, 7.215530000E-04
7,9,etc, 1.422000000E-06
7,9,comm, 5.798700000E-05
7,9,tdma_z_comm, 1.995300000E-04
7,9,tdma_y_comm, 0.000000000E+00
7,9,tdma_x_comm, 0.000000000E+00
7,9,tdma_z_gpu, 7.508479850E-04
7,9,tdma_y_gpu, 0.000000000E+00
7,9,tdma_x_gpu, 0.000000000E+00
7,10,rhs, 2.477120000E-04
7,10,solve_z, 1.267192000E-03
7,10,solve_y, 6.789690000E-04
7,10,solve_x, 7.195700000E-04
7,10,etc, 1.442000000E-06
7,10,comm, 5.799700000E-05
7,10,tdma_z_comm, 2.015330000E-04
7,10,tdma_y_comm, 0.000000000E+00
7,10,tdma_x_comm, 0.000000000E+00
7,10,tdma_z_gpu, 7.501119683E-04
7,10,tdma_y_gpu, 0.000000000E+00
7,10,tdma_x_gpu, 0.000000000E+00
7,11,rhs, 2.475410000E-04
7,11,solve_z, 1.273001000E-03
7,11,solve_y, 6.795710000E-04
7,11,solve_x, 7.258590000E-04
7,11,etc, 1.472000000E-06
7,11,comm, 5.821700000E-05
7,11,tdma_z_comm, 1.991590000E-04
7,11,tdma_y_comm, 0.000000000E+00
7,11,tdma_x_comm, 0.000000000E+00
7,11,tdma_z_gpu, 7.507519890E-04
7,11,tdma_y_gpu, 0.000000000E+00
7,11,tdma_x_gpu, 0.000000000E+00
7,12,rhs, 2.477220000E-04
7,12,solve_z, 1.273361000E-03
7,12,solve_y, 6.794500000E-04
7,12,solve_x, 7.186290000E-04
7,12,etc, 1.442000000E-06
7,12,comm, 5.833800000E-05
7,12,tdma_z_comm, 2.012520000E-04
7,12,tdma_y_comm, 0.000000000E+00
7,12,tdma_x_comm, 0.000000000E+00
7,12,tdma_z_gpu, 7.532799887E-04
7,12,tdma_y_gpu, 0.000000000E+00
7,12,tdma_x_gpu, 0.000000000E+00
7,13,rhs, 2.477120000E-04
7,13,solve_z, 1.277237000E-03
7,13,solve_y, 6.792000000E-04
7,13,solve_x, 7.206220000E-04
7,13,etc, 1.442000000E-06
7,13,comm, 5.986000000E-05
7,13,tdma_z_comm, 2.001410000E-04
7,13,tdma_y_comm, 0.000000000E+00
7,13,tdma_x_comm, 0.000000000E+00
7,13,tdma_z_gpu, 7.562879929E-04
7,13,tdma_y_gpu, 0.000000000E+00
7,13,tdma_x_gpu, 0.000000000E+00
7,14,rhs, 2.483020000E-04
7,14,solve_z, 1.271198000E-03
7,14,solve_y, 6.777770000E-04
7,14,solve_x, 7.244070000E-04
7,14,etc, 1.442000000E-06
7,14,comm, 6.000000000E-05
7,14,tdma_z_comm, 2.076510000E-04
7,14,tdma_y_comm, 0.000000000E+00
7,14,tdma_x_comm, 0.000000000E+00
7,14,tdma_z_gpu, 7.500159908E-04
7,14,tdma_y_gpu, 0.000000000E+00
7,14,tdma_x_gpu, 0.000000000E+00
7,15,rhs, 2.473510000E-04
7,15,solve_z, 1.270977000E-03
7,15,solve_y, 6.791090000E-04
7,15,solve_x, 7.165160000E-04
7,15,etc, 1.492000000E-06
7,15,comm, 5.833800000E-05
7,15,tdma_z_comm, 2.023940000E-04
7,15,tdma_y_comm, 0.000000000E+00
7,15,tdma_x_comm, 0.000000000E+00
7,15,tdma_z_gpu, 7.495679958E-04
7,15,tdma_y_gpu, 0.000000000E+00
7,15,tdma_x_gpu, 0.000000000E+00
7,16,rhs, 2.468200000E-04
7,16,solve_z, 1.270798000E-03
7,16,solve_y, 6.804910000E-04
7,16,solve_x, 7.271010000E-04
7,16,etc, 1.452000000E-06
7,16,comm, 5.721600000E-05
7,16,tdma_z_comm, 1.999400000E-04
7,16,tdma_y_comm, 0.000000000E+00
7,16,tdma_x_comm, 0.000000000E+00
7,16,tdma_z_gpu, 7.529280130E-04
7,16,tdma_y_gpu, 0.000000000E+00
7,16,tdma_x_gpu, 0.000000000E+00
7,17,rhs, 2.473510000E-04
7,17,solve_z, 1.266821000E-03
7,17,solve_y, 6.769760000E-04
7,17,solve_x, 7.241860000E-04
7,17,etc, 1.462000000E-06
7,17,comm, 6.021000000E-05
7,17,tdma_z_comm, 1.987190000E-04
7,17,tdma_y_comm, 0.000000000E+00
7,17,tdma_x_comm, 0.000000000E+00
7,17,tdma_z_gpu, 7.501120307E-04
7,17,tdma_y_gpu, 0.000000000E+00
7,17,tdma_x_gpu, 0.000000000E+00
7,18,rhs, 2.490440000E-04
7,18,solve_z, 1.271428000E-03
7,18,solve_y, 6.805020000E-04
7,18,solve_x, 7.223640000E-04
7,18,etc, 1.472000000E-06
7,18,comm, 5.716600000E-05
7,18,tdma_z_comm, 1.976970000E-04
7,18,tdma_y_comm, 0.000000000E+00
7,18,tdma_x_comm, 0.000000000E+00
7,18,tdma_z_gpu, 7.533440012E-04
7,18,tdma_y_gpu, 0.000000000E+00
7,18,tdma_x_gpu, 0.000000000E+00
7,19,rhs, 2.474920000E-04
7,19,solve_z, 1.268053000E-03
7,19,solve_y, 6.791800000E-04
7,19,solve_x, 7.228950000E-04
7,19,etc, 1.442000000E-06
7,19,comm, 5.856800000E-05
7,19,tdma_z_comm, 1.929890000E-04
7,19,tdma_y_comm, 0.000000000E+00
7,19,tdma_x_comm, 0.000000000E+00
7,19,tdma_z_gpu, 7.534079747E-04
7,19,tdma_y_gpu, 0.000000000E+00
7,19,tdma_x_gpu, 0.000000000E+00
7,20,rhs, 2.466800000E-04
7,20,solve_z, 1.263205000E-03
7,20,solve_y, 6.796000000E-04
7,20,solve_x, 7.138610000E-04
7,20,etc, 1.463000000E-06
7,20,comm, 5.705600000E-05
7,20,tdma_z_comm, 1.953940000E-04
7,20,tdma_y_comm, 0.000000000E+00
7,20,tdma_x_comm, 0.000000000E+00
7,20,tdma_z_gpu, 7.523520170E-04
7,20,tdma_y_gpu, 0.000000000E+00
7,20,tdma_x_gpu, 0.000000000E+00
