# grid=513x513x513, np=4 (2,2,1), dt= 1.526E-05, Tmax=128, solver_kind=filtered_v2
rank,t_step,event,time_sec
0,1,rhs, 1.914509000E-03
0,1,solve_z, 5.529227000E-03
0,1,solve_y, 6.595351000E-03
0,1,solve_x, 6.492552000E-03
0,1,etc, 2.149000000E-06
0,1,comm, 2.744700000E-04
0,2,rhs, 1.909217000E-03
0,2,solve_z, 5.532581000E-03
0,2,solve_y, 6.572425000E-03
0,2,solve_x, 6.503314000E-03
0,2,etc, 2.022000000E-06
0,2,comm, 2.577710000E-04
0,3,rhs, 1.909493000E-03
0,3,solve_z, 5.545951000E-03
0,3,solve_y, 6.585835000E-03
0,3,solve_x, 6.507541000E-03
0,3,etc, 1.770000000E-06
0,3,comm, 2.458670000E-04
0,4,rhs, 1.897022000E-03
0,4,solve_z, 5.550399000E-03
0,4,solve_y, 6.545407000E-03
0,4,solve_x, 6.492341000E-03
0,4,etc, 1.720000000E-06
0,4,comm, 2.425640000E-04
0,5,rhs, 1.767052000E-03
0,5,solve_z, 5.563348000E-03
0,5,solve_y, 6.534919000E-03
0,5,solve_x, 6.514373000E-03
0,5,etc, 1.889000000E-06
0,5,comm, 2.444280000E-04
0,6,rhs, 1.765445000E-03
0,6,solve_z, 5.576841000E-03
0,6,solve_y, 6.572755000E-03
0,6,solve_x, 6.493780000E-03
0,6,etc, 1.795000000E-06
0,6,comm, 2.488510000E-04
0,7,rhs, 1.766060000E-03
0,7,solve_z, 5.568653000E-03
0,7,solve_y, 6.532870000E-03
0,7,solve_x, 6.496442000E-03
0,7,etc, 1.947000000E-06
0,7,comm, 2.496840000E-04
0,8,rhs, 1.758842000E-03
0,8,solve_z, 5.585515000E-03
0,8,solve_y, 6.540372000E-03
0,8,solve_x, 6.526746000E-03
0,8,etc, 1.679000000E-06
0,8,comm, 2.415900000E-04
0,9,rhs, 1.754301000E-03
0,9,solve_z, 5.576970000E-03
0,9,solve_y, 6.549409000E-03
0,9,solve_x, 6.516408000E-03
0,9,etc, 2.011000000E-06
0,9,comm, 2.436010000E-04
0,10,rhs, 1.758835000E-03
0,10,solve_z, 5.566484000E-03
0,10,solve_y, 6.556942000E-03
0,10,solve_x, 6.550982000E-03
0,10,etc, 1.706000000E-06
0,10,comm, 2.452650000E-04
0,11,rhs, 1.758404000E-03
0,11,solve_z, 5.573538000E-03
0,11,solve_y, 6.565062000E-03
0,11,solve_x, 6.531722000E-03
0,11,etc, 1.771000000E-06
0,11,comm, 2.549170000E-04
0,12,rhs, 1.756661000E-03
0,12,solve_z, 5.586724000E-03
0,12,solve_y, 6.550770000E-03
0,12,solve_x, 6.546646000E-03
0,12,etc, 2.156000000E-06
0,12,comm, 2.564430000E-04
0,13,rhs, 1.661690000E-03
0,13,solve_z, 5.606968000E-03
0,13,solve_y, 6.553610000E-03
0,13,solve_x, 6.542746000E-03
0,13,etc, 2.233000000E-06
0,13,comm, 2.649410000E-04
0,14,rhs, 1.657913000E-03
0,14,solve_z, 5.597597000E-03
0,14,solve_y, 6.544111000E-03
0,14,solve_x, 6.538117000E-03
0,14,etc, 2.061000000E-06
0,14,comm, 2.569500000E-04
0,15,rhs, 1.663448000E-03
0,15,solve_z, 5.600736000E-03
0,15,solve_y, 6.542199000E-03
0,15,solve_x, 6.547822000E-03
0,15,etc, 2.040000000E-06
0,15,comm, 2.461260000E-04
0,16,rhs, 1.664172000E-03
0,16,solve_z, 5.607016000E-03
0,16,solve_y, 6.536903000E-03
0,16,solve_x, 6.544704000E-03
0,16,etc, 1.808000000E-06
0,16,comm, 2.482050000E-04
0,17,rhs, 1.660614000E-03
0,17,solve_z, 5.593647000E-03
0,17,solve_y, 6.528063000E-03
0,17,solve_x, 6.562529000E-03
0,17,etc, 2.338000000E-06
0,17,comm, 2.611410000E-04
0,18,rhs, 1.659913000E-03
0,18,solve_z, 5.599439000E-03
0,18,solve_y, 6.540599000E-03
0,18,solve_x, 6.547005000E-03
0,18,etc, 2.099000000E-06
0,18,comm, 2.452490000E-04
0,19,rhs, 1.661650000E-03
0,19,solve_z, 5.606685000E-03
0,19,solve_y, 6.553496000E-03
0,19,solve_x, 6.537698000E-03
0,19,etc, 1.917000000E-06
0,19,comm, 2.543580000E-04
0,20,rhs, 1.664686000E-03
0,20,solve_z, 5.616732000E-03
0,20,solve_y, 6.554096000E-03
0,20,solve_x, 6.539886000E-03
0,20,etc, 1.983000000E-06
0,20,comm, 2.688900000E-04
0,21,rhs, 1.659685000E-03
0,21,solve_z, 5.599577000E-03
0,21,solve_y, 6.562530000E-03
0,21,solve_x, 6.558359000E-03
0,21,etc, 2.011000000E-06
0,21,comm, 2.496290000E-04
0,22,rhs, 1.659957000E-03
0,22,solve_z, 5.594010000E-03
0,22,solve_y, 6.563942000E-03
0,22,solve_x, 6.542155000E-03
0,22,etc, 1.964000000E-06
0,22,comm, 2.534310000E-04
0,23,rhs, 1.662269000E-03
0,23,solve_z, 5.590793000E-03
0,23,solve_y, 6.534354000E-03
0,23,solve_x, 6.776149000E-03
0,23,etc, 1.747000000E-06
0,23,comm, 2.636920000E-04
0,24,rhs, 1.661073000E-03
0,24,solve_z, 5.601159000E-03
0,24,solve_y, 6.657939000E-03
0,24,solve_x, 6.561972000E-03
0,24,etc, 2.268000000E-06
0,24,comm, 2.736380000E-04
0,25,rhs, 1.662719000E-03
0,25,solve_z, 5.608177000E-03
0,25,solve_y, 6.526887000E-03
0,25,solve_x, 6.540486000E-03
0,25,etc, 2.219000000E-06
0,25,comm, 2.561650000E-04
0,26,rhs, 1.661555000E-03
0,26,solve_z, 5.601264000E-03
0,26,solve_y, 6.532929000E-03
0,26,solve_x, 6.530075000E-03
0,26,etc, 1.838000000E-06
0,26,comm, 2.494350000E-04
0,27,rhs, 1.661918000E-03
0,27,solve_z, 5.594115000E-03
0,27,solve_y, 6.551764000E-03
0,27,solve_x, 6.552022000E-03
0,27,etc, 1.849000000E-06
0,27,comm, 2.579510000E-04
0,28,rhs, 1.663180000E-03
0,28,solve_z, 5.592168000E-03
0,28,solve_y, 6.556875000E-03
0,28,solve_x, 6.538675000E-03
0,28,etc, 1.926000000E-06
0,28,comm, 2.406660000E-04
0,29,rhs, 1.661300000E-03
0,29,solve_z, 5.618567000E-03
0,29,solve_y, 6.554678000E-03
0,29,solve_x, 6.532922000E-03
0,29,etc, 1.769000000E-06
0,29,comm, 2.395540000E-04
0,30,rhs, 1.657083000E-03
0,30,solve_z, 5.593107000E-03
0,30,solve_y, 6.538868000E-03
0,30,solve_x, 6.537143000E-03
0,30,etc, 1.848000000E-06
0,30,comm, 2.525080000E-04
0,31,rhs, 1.661589000E-03
0,31,solve_z, 5.608199000E-03
0,31,solve_y, 6.524782000E-03
0,31,solve_x, 6.533359000E-03
0,31,etc, 1.724000000E-06
0,31,comm, 2.442880000E-04
0,32,rhs, 1.660240000E-03
0,32,solve_z, 5.583479000E-03
0,32,solve_y, 6.519003000E-03
0,32,solve_x, 6.543711000E-03
0,32,etc, 1.859000000E-06
0,32,comm, 2.469580000E-04
0,33,rhs, 1.661412000E-03
0,33,solve_z, 5.594432000E-03
0,33,solve_y, 6.527681000E-03
0,33,solve_x, 6.535424000E-03
0,33,etc, 1.665000000E-06
0,33,comm, 2.496230000E-04
0,34,rhs, 1.659519000E-03
0,34,solve_z, 5.597778000E-03
0,34,solve_y, 6.533284000E-03
0,34,solve_x, 6.513419000E-03
0,34,etc, 1.727000000E-06
0,34,comm, 2.529570000E-04
0,35,rhs, 1.659770000E-03
0,35,solve_z, 5.608646000E-03
0,35,solve_y, 6.543378000E-03
0,35,solve_x, 6.505723000E-03
0,35,etc, 1.742000000E-06
0,35,comm, 2.396630000E-04
0,36,rhs, 1.659741000E-03
0,36,solve_z, 5.600766000E-03
0,36,solve_y, 6.532022000E-03
0,36,solve_x, 6.525961000E-03
0,36,etc, 1.946000000E-06
0,36,comm, 2.433840000E-04
0,37,rhs, 1.659847000E-03
0,37,solve_z, 5.588617000E-03
0,37,solve_y, 6.538609000E-03
0,37,solve_x, 6.540755000E-03
0,37,etc, 1.825000000E-06
0,37,comm, 2.431010000E-04
0,38,rhs, 1.658075000E-03
0,38,solve_z, 5.601260000E-03
0,38,solve_y, 6.537665000E-03
0,38,solve_x, 6.539327000E-03
0,38,etc, 1.692000000E-06
0,38,comm, 2.402850000E-04
0,39,rhs, 1.661739000E-03
0,39,solve_z, 5.610506000E-03
0,39,solve_y, 6.529947000E-03
0,39,solve_x, 6.521172000E-03
0,39,etc, 1.749000000E-06
0,39,comm, 2.393880000E-04
0,40,rhs, 1.662212000E-03
0,40,solve_z, 5.594074000E-03
0,40,solve_y, 6.525841000E-03
0,40,solve_x, 6.546282000E-03
0,40,etc, 1.584000000E-06
0,40,comm, 2.434980000E-04
0,41,rhs, 1.657684000E-03
0,41,solve_z, 5.601693000E-03
0,41,solve_y, 6.518918000E-03
0,41,solve_x, 6.510133000E-03
0,41,etc, 1.700000000E-06
0,41,comm, 2.451390000E-04
0,42,rhs, 1.660214000E-03
0,42,solve_z, 5.609281000E-03
0,42,solve_y, 6.539080000E-03
0,42,solve_x, 6.531652000E-03
0,42,etc, 1.721000000E-06
0,42,comm, 2.349980000E-04
0,43,rhs, 1.659869000E-03
0,43,solve_z, 5.598081000E-03
0,43,solve_y, 6.521573000E-03
0,43,solve_x, 6.525942000E-03
0,43,etc, 1.857000000E-06
0,43,comm, 2.400060000E-04
0,44,rhs, 1.662407000E-03
0,44,solve_z, 5.602242000E-03
0,44,solve_y, 6.548569000E-03
0,44,solve_x, 6.514760000E-03
0,44,etc, 1.697000000E-06
0,44,comm, 2.447160000E-04
0,45,rhs, 1.663074000E-03
0,45,solve_z, 5.589311000E-03
0,45,solve_y, 6.530793000E-03
0,45,solve_x, 6.560942000E-03
0,45,etc, 1.913000000E-06
0,45,comm, 2.428210000E-04
0,46,rhs, 1.659184000E-03
0,46,solve_z, 5.594620000E-03
0,46,solve_y, 6.525483000E-03
0,46,solve_x, 6.519603000E-03
0,46,etc, 1.742000000E-06
0,46,comm, 2.384300000E-04
0,47,rhs, 1.658222000E-03
0,47,solve_z, 5.600670000E-03
0,47,solve_y, 6.531943000E-03
0,47,solve_x, 6.524122000E-03
0,47,etc, 1.982000000E-06
0,47,comm, 2.460790000E-04
0,48,rhs, 1.660764000E-03
0,48,solve_z, 5.593955000E-03
0,48,solve_y, 6.526457000E-03
0,48,solve_x, 6.520800000E-03
0,48,etc, 1.714000000E-06
0,48,comm, 2.339840000E-04
0,49,rhs, 1.659234000E-03
0,49,solve_z, 5.597764000E-03
0,49,solve_y, 6.533248000E-03
0,49,solve_x, 6.530811000E-03
0,49,etc, 1.755000000E-06
0,49,comm, 2.377680000E-04
0,50,rhs, 1.659861000E-03
0,50,solve_z, 5.599935000E-03
0,50,solve_y, 6.530995000E-03
0,50,solve_x, 6.519742000E-03
0,50,etc, 1.776000000E-06
0,50,comm, 2.329440000E-04
0,51,rhs, 1.664943000E-03
0,51,solve_z, 5.609244000E-03
0,51,solve_y, 6.527501000E-03
0,51,solve_x, 6.515190000E-03
0,51,etc, 1.817000000E-06
0,51,comm, 2.513660000E-04
0,52,rhs, 1.658505000E-03
0,52,solve_z, 5.619376000E-03
0,52,solve_y, 6.525053000E-03
0,52,solve_x, 6.533509000E-03
0,52,etc, 1.640000000E-06
0,52,comm, 2.395880000E-04
0,53,rhs, 1.659367000E-03
0,53,solve_z, 5.604601000E-03
0,53,solve_y, 6.536483000E-03
0,53,solve_x, 6.525478000E-03
0,53,etc, 1.602000000E-06
0,53,comm, 2.422780000E-04
0,54,rhs, 1.658636000E-03
0,54,solve_z, 5.597096000E-03
0,54,solve_y, 6.544254000E-03
0,54,solve_x, 6.523540000E-03
0,54,etc, 1.995000000E-06
0,54,comm, 2.483000000E-04
0,55,rhs, 1.661256000E-03
0,55,solve_z, 5.606868000E-03
0,55,solve_y, 6.540731000E-03
0,55,solve_x, 6.623614000E-03
0,55,etc, 1.702000000E-06
0,55,comm, 2.363130000E-04
0,56,rhs, 1.663585000E-03
0,56,solve_z, 5.608787000E-03
0,56,solve_y, 6.531149000E-03
0,56,solve_x, 6.530202000E-03
0,56,etc, 1.878000000E-06
0,56,comm, 2.778280000E-04
0,57,rhs, 1.661054000E-03
0,57,solve_z, 5.617498000E-03
0,57,solve_y, 6.521494000E-03
0,57,solve_x, 6.533898000E-03
0,57,etc, 1.763000000E-06
0,57,comm, 2.430630000E-04
0,58,rhs, 1.663289000E-03
0,58,solve_z, 5.595534000E-03
0,58,solve_y, 6.536851000E-03
0,58,solve_x, 6.529651000E-03
0,58,etc, 1.682000000E-06
0,58,comm, 2.410290000E-04
0,59,rhs, 1.661288000E-03
0,59,solve_z, 5.582164000E-03
0,59,solve_y, 6.555494000E-03
0,59,solve_x, 6.535685000E-03
0,59,etc, 2.025000000E-06
0,59,comm, 2.549010000E-04
0,60,rhs, 1.659564000E-03
0,60,solve_z, 5.587528000E-03
0,60,solve_y, 6.522418000E-03
0,60,solve_x, 6.519979000E-03
0,60,etc, 1.895000000E-06
0,60,comm, 2.362030000E-04
0,61,rhs, 1.658377000E-03
0,61,solve_z, 5.602559000E-03
0,61,solve_y, 6.516465000E-03
0,61,solve_x, 6.533977000E-03
0,61,etc, 1.614000000E-06
0,61,comm, 2.378930000E-04
0,62,rhs, 1.661214000E-03
0,62,solve_z, 5.595482000E-03
0,62,solve_y, 6.533756000E-03
0,62,solve_x, 6.520175000E-03
0,62,etc, 1.994000000E-06
0,62,comm, 2.495430000E-04
0,63,rhs, 1.661116000E-03
0,63,solve_z, 5.592535000E-03
0,63,solve_y, 6.526669000E-03
0,63,solve_x, 6.536652000E-03
0,63,etc, 1.669000000E-06
0,63,comm, 2.388700000E-04
0,64,rhs, 1.660492000E-03
0,64,solve_z, 5.590066000E-03
0,64,solve_y, 6.529527000E-03
0,64,solve_x, 6.522226000E-03
0,64,etc, 1.807000000E-06
0,64,comm, 2.408230000E-04
0,65,rhs, 1.662301000E-03
0,65,solve_z, 5.619175000E-03
0,65,solve_y, 6.531738000E-03
0,65,solve_x, 6.521587000E-03
0,65,etc, 1.684000000E-06
0,65,comm, 2.353980000E-04
0,66,rhs, 1.660619000E-03
0,66,solve_z, 5.591453000E-03
0,66,solve_y, 6.529344000E-03
0,66,solve_x, 6.521428000E-03
0,66,etc, 1.745000000E-06
0,66,comm, 2.330160000E-04
0,67,rhs, 1.664007000E-03
0,67,solve_z, 5.600456000E-03
0,67,solve_y, 6.522068000E-03
0,67,solve_x, 6.528458000E-03
0,67,etc, 1.721000000E-06
0,67,comm, 2.415340000E-04
0,68,rhs, 1.665175000E-03
0,68,solve_z, 5.598223000E-03
0,68,solve_y, 6.542202000E-03
0,68,solve_x, 6.524383000E-03
0,68,etc, 1.757000000E-06
0,68,comm, 2.392290000E-04
0,69,rhs, 1.661976000E-03
0,69,solve_z, 5.619288000E-03
0,69,solve_y, 6.530110000E-03
0,69,solve_x, 6.523705000E-03
0,69,etc, 1.740000000E-06
0,69,comm, 2.438710000E-04
0,70,rhs, 1.657436000E-03
0,70,solve_z, 5.599077000E-03
0,70,solve_y, 6.527734000E-03
0,70,solve_x, 6.535645000E-03
0,70,etc, 1.805000000E-06
0,70,comm, 2.347020000E-04
0,71,rhs, 1.663487000E-03
0,71,solve_z, 5.609976000E-03
0,71,solve_y, 6.533428000E-03
0,71,solve_x, 6.529893000E-03
0,71,etc, 1.682000000E-06
0,71,comm, 2.469670000E-04
0,72,rhs, 1.659239000E-03
0,72,solve_z, 5.610972000E-03
0,72,solve_y, 6.525122000E-03
0,72,solve_x, 6.528402000E-03
0,72,etc, 1.904000000E-06
0,72,comm, 2.467510000E-04
0,73,rhs, 1.657906000E-03
0,73,solve_z, 5.596165000E-03
0,73,solve_y, 6.531713000E-03
0,73,solve_x, 6.541343000E-03
0,73,etc, 1.768000000E-06
0,73,comm, 2.373460000E-04
0,74,rhs, 1.658756000E-03
0,74,solve_z, 5.589905000E-03
0,74,solve_y, 6.537246000E-03
0,74,solve_x, 6.526254000E-03
0,74,etc, 1.968000000E-06
0,74,comm, 2.378600000E-04
0,75,rhs, 1.662708000E-03
0,75,solve_z, 5.610029000E-03
0,75,solve_y, 6.548657000E-03
0,75,solve_x, 6.531373000E-03
0,75,etc, 1.724000000E-06
0,75,comm, 2.372730000E-04
0,76,rhs, 1.660809000E-03
0,76,solve_z, 5.602935000E-03
0,76,solve_y, 6.542707000E-03
0,76,solve_x, 6.519324000E-03
0,76,etc, 1.754000000E-06
0,76,comm, 2.454450000E-04
0,77,rhs, 1.662021000E-03
0,77,solve_z, 5.603370000E-03
0,77,solve_y, 6.541498000E-03
0,77,solve_x, 6.530679000E-03
0,77,etc, 1.710000000E-06
0,77,comm, 2.505710000E-04
0,78,rhs, 1.661011000E-03
0,78,solve_z, 5.589668000E-03
0,78,solve_y, 6.555390000E-03
0,78,solve_x, 6.529171000E-03
0,78,etc, 1.898000000E-06
0,78,comm, 2.396880000E-04
0,79,rhs, 1.666494000E-03
0,79,solve_z, 5.600670000E-03
0,79,solve_y, 6.524577000E-03
0,79,solve_x, 6.519208000E-03
0,79,etc, 1.756000000E-06
0,79,comm, 2.330320000E-04
0,80,rhs, 1.658533000E-03
0,80,solve_z, 5.601997000E-03
0,80,solve_y, 6.533775000E-03
0,80,solve_x, 6.512058000E-03
0,80,etc, 1.669000000E-06
0,80,comm, 2.385940000E-04
0,81,rhs, 1.658235000E-03
0,81,solve_z, 5.596687000E-03
0,81,solve_y, 6.530083000E-03
0,81,solve_x, 6.528288000E-03
0,81,etc, 1.771000000E-06
0,81,comm, 2.460150000E-04
0,82,rhs, 1.660389000E-03
0,82,solve_z, 5.599197000E-03
0,82,solve_y, 6.533963000E-03
0,82,solve_x, 6.522889000E-03
0,82,etc, 1.777000000E-06
0,82,comm, 2.373560000E-04
0,83,rhs, 1.663352000E-03
0,83,solve_z, 5.609195000E-03
0,83,solve_y, 6.510894000E-03
0,83,solve_x, 6.529978000E-03
0,83,etc, 1.638000000E-06
0,83,comm, 2.445510000E-04
0,84,rhs, 1.660320000E-03
0,84,solve_z, 5.600953000E-03
0,84,solve_y, 6.530673000E-03
0,84,solve_x, 6.529046000E-03
0,84,etc, 1.629000000E-06
0,84,comm, 2.395700000E-04
0,85,rhs, 1.658781000E-03
0,85,solve_z, 5.587420000E-03
0,85,solve_y, 6.536942000E-03
0,85,solve_x, 6.539232000E-03
0,85,etc, 1.682000000E-06
0,85,comm, 2.503980000E-04
0,86,rhs, 1.658142000E-03
0,86,solve_z, 5.596009000E-03
0,86,solve_y, 6.520952000E-03
0,86,solve_x, 6.514254000E-03
0,86,etc, 1.749000000E-06
0,86,comm, 2.327340000E-04
0,87,rhs, 1.660470000E-03
0,87,solve_z, 5.605885000E-03
0,87,solve_y, 6.531226000E-03
0,87,solve_x, 6.523804000E-03
0,87,etc, 1.904000000E-06
0,87,comm, 2.405330000E-04
0,88,rhs, 1.662051000E-03
0,88,solve_z, 5.601036000E-03
0,88,solve_y, 6.529590000E-03
0,88,solve_x, 6.539053000E-03
0,88,etc, 2.165000000E-06
0,88,comm, 2.464010000E-04
0,89,rhs, 1.663802000E-03
0,89,solve_z, 5.605491000E-03
0,89,solve_y, 6.532696000E-03
0,89,solve_x, 6.535822000E-03
0,89,etc, 1.765000000E-06
0,89,comm, 2.470490000E-04
0,90,rhs, 1.661161000E-03
0,90,solve_z, 5.603523000E-03
0,90,solve_y, 6.522668000E-03
0,90,solve_x, 6.517038000E-03
0,90,etc, 1.914000000E-06
0,90,comm, 2.417840000E-04
0,91,rhs, 1.663228000E-03
0,91,solve_z, 5.603204000E-03
0,91,solve_y, 6.518766000E-03
0,91,solve_x, 6.509877000E-03
0,91,etc, 1.758000000E-06
0,91,comm, 2.424410000E-04
0,92,rhs, 1.660338000E-03
0,92,solve_z, 5.590890000E-03
0,92,solve_y, 6.528204000E-03
0,92,solve_x, 6.519393000E-03
0,92,etc, 1.735000000E-06
0,92,comm, 2.326530000E-04
0,93,rhs, 1.659498000E-03
0,93,solve_z, 5.601221000E-03
0,93,solve_y, 6.545068000E-03
0,93,solve_x, 6.527822000E-03
0,93,etc, 1.791000000E-06
0,93,comm, 2.419970000E-04
0,94,rhs, 1.661045000E-03
0,94,solve_z, 5.613284000E-03
0,94,solve_y, 6.526490000E-03
0,94,solve_x, 6.538970000E-03
0,94,etc, 1.762000000E-06
0,94,comm, 2.425400000E-04
0,95,rhs, 1.662286000E-03
0,95,solve_z, 5.594051000E-03
0,95,solve_y, 6.548026000E-03
0,95,solve_x, 6.528562000E-03
0,95,etc, 1.752000000E-06
0,95,comm, 2.353990000E-04
0,96,rhs, 1.660390000E-03
0,96,solve_z, 5.599507000E-03
0,96,solve_y, 6.527180000E-03
0,96,solve_x, 6.614742000E-03
0,96,etc, 1.669000000E-06
0,96,comm, 2.313160000E-04
0,97,rhs, 1.662646000E-03
0,97,solve_z, 5.601518000E-03
0,97,solve_y, 6.505940000E-03
0,97,solve_x, 6.514227000E-03
0,97,etc, 1.765000000E-06
0,97,comm, 2.744010000E-04
0,98,rhs, 1.660140000E-03
0,98,solve_z, 5.616249000E-03
0,98,solve_y, 6.525173000E-03
0,98,solve_x, 6.529364000E-03
0,98,etc, 1.724000000E-06
0,98,comm, 2.404600000E-04
0,99,rhs, 1.662059000E-03
0,99,solve_z, 5.592876000E-03
0,99,solve_y, 6.504479000E-03
0,99,solve_x, 6.539996000E-03
0,99,etc, 2.020000000E-06
0,99,comm, 2.475790000E-04
0,100,rhs, 1.659371000E-03
0,100,solve_z, 5.597181000E-03
0,100,solve_y, 6.522795000E-03
0,100,solve_x, 6.533077000E-03
0,100,etc, 1.848000000E-06
0,100,comm, 2.396850000E-04
0,101,rhs, 1.660369000E-03
0,101,solve_z, 5.595068000E-03
0,101,solve_y, 6.540124000E-03
0,101,solve_x, 6.519739000E-03
0,101,etc, 1.842000000E-06
0,101,comm, 2.358890000E-04
0,102,rhs, 1.660034000E-03
0,102,solve_z, 5.604314000E-03
0,102,solve_y, 6.539692000E-03
0,102,solve_x, 6.528292000E-03
0,102,etc, 1.805000000E-06
0,102,comm, 2.388550000E-04
0,103,rhs, 1.661367000E-03
0,103,solve_z, 5.588119000E-03
0,103,solve_y, 6.523332000E-03
0,103,solve_x, 6.501048000E-03
0,103,etc, 1.731000000E-06
0,103,comm, 2.414740000E-04
0,104,rhs, 1.659374000E-03
0,104,solve_z, 5.616499000E-03
0,104,solve_y, 6.532573000E-03
0,104,solve_x, 6.535286000E-03
0,104,etc, 1.748000000E-06
0,104,comm, 2.339880000E-04
0,105,rhs, 1.659584000E-03
0,105,solve_z, 5.607283000E-03
0,105,solve_y, 6.535440000E-03
0,105,solve_x, 6.541782000E-03
0,105,etc, 1.928000000E-06
0,105,comm, 2.626340000E-04
0,106,rhs, 1.660491000E-03
0,106,solve_z, 5.610091000E-03
0,106,solve_y, 6.534477000E-03
0,106,solve_x, 6.528536000E-03
0,106,etc, 1.648000000E-06
0,106,comm, 2.385130000E-04
0,107,rhs, 1.661563000E-03
0,107,solve_z, 5.593870000E-03
0,107,solve_y, 6.516021000E-03
0,107,solve_x, 6.542241000E-03
0,107,etc, 1.933000000E-06
0,107,comm, 2.375440000E-04
0,108,rhs, 1.661139000E-03
0,108,solve_z, 5.613847000E-03
0,108,solve_y, 6.527276000E-03
0,108,solve_x, 6.541056000E-03
0,108,etc, 1.878000000E-06
0,108,comm, 2.454770000E-04
0,109,rhs, 1.657139000E-03
0,109,solve_z, 5.611561000E-03
0,109,solve_y, 6.531773000E-03
0,109,solve_x, 6.514159000E-03
0,109,etc, 1.650000000E-06
0,109,comm, 2.392990000E-04
0,110,rhs, 1.662550000E-03
0,110,solve_z, 5.594907000E-03
0,110,solve_y, 6.531592000E-03
0,110,solve_x, 6.524535000E-03
0,110,etc, 1.640000000E-06
0,110,comm, 2.373560000E-04
0,111,rhs, 1.660176000E-03
0,111,solve_z, 5.612997000E-03
0,111,solve_y, 6.509423000E-03
0,111,solve_x, 6.530656000E-03
0,111,etc, 1.869000000E-06
0,111,comm, 2.366030000E-04
0,112,rhs, 1.662932000E-03
0,112,solve_z, 5.600118000E-03
0,112,solve_y, 6.521993000E-03
0,112,solve_x, 6.542831000E-03
0,112,etc, 2.196000000E-06
0,112,comm, 2.555570000E-04
0,113,rhs, 1.662358000E-03
0,113,solve_z, 5.590620000E-03
0,113,solve_y, 6.526527000E-03
0,113,solve_x, 6.544739000E-03
0,113,etc, 1.707000000E-06
0,113,comm, 2.369560000E-04
0,114,rhs, 1.660154000E-03
0,114,solve_z, 5.589157000E-03
0,114,solve_y, 6.504269000E-03
0,114,solve_x, 6.519889000E-03
0,114,etc, 1.681000000E-06
0,114,comm, 2.406270000E-04
0,115,rhs, 1.659571000E-03
0,115,solve_z, 5.616943000E-03
0,115,solve_y, 6.539666000E-03
0,115,solve_x, 6.505701000E-03
0,115,etc, 1.793000000E-06
0,115,comm, 2.408430000E-04
0,116,rhs, 1.658838000E-03
0,116,solve_z, 5.583290000E-03
0,116,solve_y, 6.521766000E-03
0,116,solve_x, 6.504771000E-03
0,116,etc, 1.725000000E-06
0,116,comm, 2.402920000E-04
0,117,rhs, 1.658787000E-03
0,117,solve_z, 5.600121000E-03
0,117,solve_y, 6.528300000E-03
0,117,solve_x, 6.531916000E-03
0,117,etc, 1.743000000E-06
0,117,comm, 2.319570000E-04
0,118,rhs, 1.658399000E-03
0,118,solve_z, 5.587472000E-03
0,118,solve_y, 6.541413000E-03
0,118,solve_x, 6.539050000E-03
0,118,etc, 1.772000000E-06
0,118,comm, 2.463820000E-04
0,119,rhs, 1.660464000E-03
0,119,solve_z, 5.580770000E-03
0,119,solve_y, 6.540896000E-03
0,119,solve_x, 6.548564000E-03
0,119,etc, 1.862000000E-06
0,119,comm, 2.349560000E-04
0,120,rhs, 1.659569000E-03
0,120,solve_z, 5.606205000E-03
0,120,solve_y, 6.544803000E-03
0,120,solve_x, 6.519986000E-03
0,120,etc, 1.891000000E-06
0,120,comm, 2.402550000E-04
0,121,rhs, 1.661763000E-03
0,121,solve_z, 5.599284000E-03
0,121,solve_y, 6.525783000E-03
0,121,solve_x, 6.539655000E-03
0,121,etc, 2.753000000E-06
0,121,comm, 2.455400000E-04
0,122,rhs, 1.661629000E-03
0,122,solve_z, 5.602402000E-03
0,122,solve_y, 6.510985000E-03
0,122,solve_x, 6.510621000E-03
0,122,etc, 1.800000000E-06
0,122,comm, 2.362080000E-04
0,123,rhs, 1.658206000E-03
0,123,solve_z, 5.607599000E-03
0,123,solve_y, 6.531487000E-03
0,123,solve_x, 6.532878000E-03
0,123,etc, 1.843000000E-06
0,123,comm, 2.360310000E-04
0,124,rhs, 1.663203000E-03
0,124,solve_z, 5.595571000E-03
0,124,solve_y, 6.533973000E-03
0,124,solve_x, 6.535607000E-03
0,124,etc, 1.842000000E-06
0,124,comm, 2.414690000E-04
0,125,rhs, 1.658900000E-03
0,125,solve_z, 5.591089000E-03
0,125,solve_y, 6.548047000E-03
0,125,solve_x, 6.534757000E-03
0,125,etc, 1.697000000E-06
0,125,comm, 2.318740000E-04
0,126,rhs, 1.664284000E-03
0,126,solve_z, 5.598982000E-03
0,126,solve_y, 6.536484000E-03
0,126,solve_x, 6.517209000E-03
0,126,etc, 2.162000000E-06
0,126,comm, 2.371940000E-04
0,127,rhs, 1.658095000E-03
0,127,solve_z, 5.612188000E-03
0,127,solve_y, 6.528992000E-03
0,127,solve_x, 6.537634000E-03
0,127,etc, 1.721000000E-06
0,127,comm, 2.349160000E-04
1,1,rhs, 1.669026000E-03
1,1,solve_z, 5.598694000E-03
1,1,solve_y, 6.589821000E-03
1,1,solve_x, 6.503504000E-03
1,1,etc, 2.242000000E-06
1,1,comm, 2.726570000E-04
1,2,rhs, 1.660303000E-03
1,2,solve_z, 5.605336000E-03
1,2,solve_y, 6.570295000E-03
1,2,solve_x, 6.510401000E-03
1,2,etc, 1.792000000E-06
1,2,comm, 2.563620000E-04
1,3,rhs, 1.661846000E-03
1,3,solve_z, 5.599699000E-03
1,3,solve_y, 6.582439000E-03
1,3,solve_x, 6.513345000E-03
1,3,etc, 1.810000000E-06
1,3,comm, 2.439010000E-04
1,4,rhs, 1.661500000E-03
1,4,solve_z, 5.597253000E-03
1,4,solve_y, 6.542333000E-03
1,4,solve_x, 6.497039000E-03
1,4,etc, 1.700000000E-06
1,4,comm, 2.406860000E-04
1,5,rhs, 1.655434000E-03
1,5,solve_z, 5.591265000E-03
1,5,solve_y, 6.532646000E-03
1,5,solve_x, 6.530189000E-03
1,5,etc, 1.715000000E-06
1,5,comm, 2.417360000E-04
1,6,rhs, 1.660018000E-03
1,6,solve_z, 5.598567000E-03
1,6,solve_y, 6.568724000E-03
1,6,solve_x, 6.510353000E-03
1,6,etc, 1.683000000E-06
1,6,comm, 2.478650000E-04
1,7,rhs, 1.660657000E-03
1,7,solve_z, 5.592805000E-03
1,7,solve_y, 6.529328000E-03
1,7,solve_x, 6.510019000E-03
1,7,etc, 1.773000000E-06
1,7,comm, 2.491700000E-04
1,8,rhs, 1.662441000E-03
1,8,solve_z, 5.599938000E-03
1,8,solve_y, 6.537746000E-03
1,8,solve_x, 6.526172000E-03
1,8,etc, 1.650000000E-06
1,8,comm, 2.406930000E-04
1,9,rhs, 1.662983000E-03
1,9,solve_z, 5.614024000E-03
1,9,solve_y, 6.548306000E-03
1,9,solve_x, 6.519384000E-03
1,9,etc, 1.936000000E-06
1,9,comm, 2.427700000E-04
1,10,rhs, 1.655371000E-03
1,10,solve_z, 5.591322000E-03
1,10,solve_y, 6.550768000E-03
1,10,solve_x, 6.549605000E-03
1,10,etc, 1.598000000E-06
1,10,comm, 2.440470000E-04
1,11,rhs, 1.660161000E-03
1,11,solve_z, 5.598072000E-03
1,11,solve_y, 6.561374000E-03
1,11,solve_x, 6.534651000E-03
1,11,etc, 1.701000000E-06
1,11,comm, 2.536450000E-04
1,12,rhs, 1.663182000E-03
1,12,solve_z, 5.581701000E-03
1,12,solve_y, 6.544688000E-03
1,12,solve_x, 6.546232000E-03
1,12,etc, 1.884000000E-06
1,12,comm, 2.553530000E-04
1,13,rhs, 1.657421000E-03
1,13,solve_z, 5.591319000E-03
1,13,solve_y, 6.548392000E-03
1,13,solve_x, 6.542270000E-03
1,13,etc, 1.936000000E-06
1,13,comm, 2.639170000E-04
1,14,rhs, 1.659119000E-03
1,14,solve_z, 5.592242000E-03
1,14,solve_y, 6.539726000E-03
1,14,solve_x, 6.550093000E-03
1,14,etc, 1.618000000E-06
1,14,comm, 2.565870000E-04
1,15,rhs, 1.662842000E-03
1,15,solve_z, 5.598564000E-03
1,15,solve_y, 6.538116000E-03
1,15,solve_x, 6.547230000E-03
1,15,etc, 1.913000000E-06
1,15,comm, 2.448130000E-04
1,16,rhs, 1.660296000E-03
1,16,solve_z, 5.584402000E-03
1,16,solve_y, 6.528747000E-03
1,16,solve_x, 6.539329000E-03
1,16,etc, 1.799000000E-06
1,16,comm, 2.475880000E-04
1,17,rhs, 1.661131000E-03
1,17,solve_z, 5.595163000E-03
1,17,solve_y, 6.522188000E-03
1,17,solve_x, 6.561982000E-03
1,17,etc, 1.898000000E-06
1,17,comm, 2.597200000E-04
1,18,rhs, 1.659494000E-03
1,18,solve_z, 5.591327000E-03
1,18,solve_y, 6.531991000E-03
1,18,solve_x, 6.621146000E-03
1,18,etc, 1.754000000E-06
1,18,comm, 2.442700000E-04
1,19,rhs, 1.664857000E-03
1,19,solve_z, 5.601016000E-03
1,19,solve_y, 6.549349000E-03
1,19,solve_x, 6.539033000E-03
1,19,etc, 1.800000000E-06
1,19,comm, 2.537320000E-04
1,20,rhs, 1.663127000E-03
1,20,solve_z, 5.609080000E-03
1,20,solve_y, 6.548420000E-03
1,20,solve_x, 6.540688000E-03
1,20,etc, 1.903000000E-06
1,20,comm, 2.680210000E-04
1,21,rhs, 1.662114000E-03
1,21,solve_z, 5.593957000E-03
1,21,solve_y, 6.555955000E-03
1,21,solve_x, 6.560704000E-03
1,21,etc, 1.948000000E-06
1,21,comm, 2.488870000E-04
1,22,rhs, 1.658221000E-03
1,22,solve_z, 5.589423000E-03
1,22,solve_y, 6.559065000E-03
1,22,solve_x, 6.538648000E-03
1,22,etc, 1.867000000E-06
1,22,comm, 2.525550000E-04
1,23,rhs, 1.661471000E-03
1,23,solve_z, 5.599498000E-03
1,23,solve_y, 6.526296000E-03
1,23,solve_x, 6.550155000E-03
1,23,etc, 1.819000000E-06
1,23,comm, 2.625340000E-04
1,24,rhs, 1.670073000E-03
1,24,solve_z, 5.612411000E-03
1,24,solve_y, 6.653343000E-03
1,24,solve_x, 6.565805000E-03
1,24,etc, 1.728000000E-06
1,24,comm, 2.726170000E-04
1,25,rhs, 1.661485000E-03
1,25,solve_z, 5.604009000E-03
1,25,solve_y, 6.521697000E-03
1,25,solve_x, 6.542448000E-03
1,25,etc, 2.026000000E-06
1,25,comm, 2.563570000E-04
1,26,rhs, 1.665624000E-03
1,26,solve_z, 5.590087000E-03
1,26,solve_y, 6.525369000E-03
1,26,solve_x, 6.530025000E-03
1,26,etc, 1.812000000E-06
1,26,comm, 2.490020000E-04
1,27,rhs, 1.661754000E-03
1,27,solve_z, 5.604098000E-03
1,27,solve_y, 6.546758000E-03
1,27,solve_x, 6.553854000E-03
1,27,etc, 1.688000000E-06
1,27,comm, 2.581630000E-04
1,28,rhs, 1.659640000E-03
1,28,solve_z, 5.583194000E-03
1,28,solve_y, 6.551667000E-03
1,28,solve_x, 6.541977000E-03
1,28,etc, 1.858000000E-06
1,28,comm, 2.398360000E-04
1,29,rhs, 1.660497000E-03
1,29,solve_z, 5.590337000E-03
1,29,solve_y, 6.546927000E-03
1,29,solve_x, 6.532571000E-03
1,29,etc, 1.736000000E-06
1,29,comm, 2.386390000E-04
1,30,rhs, 1.659761000E-03
1,30,solve_z, 5.595081000E-03
1,30,solve_y, 6.533261000E-03
1,30,solve_x, 6.536855000E-03
1,30,etc, 1.858000000E-06
1,30,comm, 2.514860000E-04
1,31,rhs, 1.657091000E-03
1,31,solve_z, 5.601922000E-03
1,31,solve_y, 6.522070000E-03
1,31,solve_x, 6.528802000E-03
1,31,etc, 1.662000000E-06
1,31,comm, 2.453010000E-04
1,32,rhs, 1.659921000E-03
1,32,solve_z, 5.595287000E-03
1,32,solve_y, 6.511273000E-03
1,32,solve_x, 6.528591000E-03
1,32,etc, 1.829000000E-06
1,32,comm, 2.460560000E-04
1,33,rhs, 1.658574000E-03
1,33,solve_z, 5.598210000E-03
1,33,solve_y, 6.525537000E-03
1,33,solve_x, 6.534054000E-03
1,33,etc, 1.666000000E-06
1,33,comm, 2.489320000E-04
1,34,rhs, 1.660424000E-03
1,34,solve_z, 5.592803000E-03
1,34,solve_y, 6.530200000E-03
1,34,solve_x, 6.523214000E-03
1,34,etc, 1.706000000E-06
1,34,comm, 2.526350000E-04
1,35,rhs, 1.660668000E-03
1,35,solve_z, 5.623926000E-03
1,35,solve_y, 6.541830000E-03
1,35,solve_x, 6.511846000E-03
1,35,etc, 1.636000000E-06
1,35,comm, 2.389340000E-04
1,36,rhs, 1.664526000E-03
1,36,solve_z, 5.608042000E-03
1,36,solve_y, 6.526415000E-03
1,36,solve_x, 6.532069000E-03
1,36,etc, 1.701000000E-06
1,36,comm, 2.425490000E-04
1,37,rhs, 1.660374000E-03
1,37,solve_z, 5.602091000E-03
1,37,solve_y, 6.534752000E-03
1,37,solve_x, 6.533299000E-03
1,37,etc, 1.827000000E-06
1,37,comm, 2.420530000E-04
1,38,rhs, 1.660843000E-03
1,38,solve_z, 5.597262000E-03
1,38,solve_y, 6.530593000E-03
1,38,solve_x, 6.538973000E-03
1,38,etc, 1.696000000E-06
1,38,comm, 2.401190000E-04
1,39,rhs, 1.656835000E-03
1,39,solve_z, 5.604281000E-03
1,39,solve_y, 6.523038000E-03
1,39,solve_x, 6.523618000E-03
1,39,etc, 1.655000000E-06
1,39,comm, 2.387750000E-04
1,40,rhs, 1.662090000E-03
1,40,solve_z, 5.592135000E-03
1,40,solve_y, 6.520288000E-03
1,40,solve_x, 6.539288000E-03
1,40,etc, 1.694000000E-06
1,40,comm, 2.424280000E-04
1,41,rhs, 1.660019000E-03
1,41,solve_z, 5.589143000E-03
1,41,solve_y, 6.516864000E-03
1,41,solve_x, 6.522535000E-03
1,41,etc, 1.731000000E-06
1,41,comm, 2.447140000E-04
1,42,rhs, 1.659533000E-03
1,42,solve_z, 5.602415000E-03
1,42,solve_y, 6.534262000E-03
1,42,solve_x, 6.536481000E-03
1,42,etc, 1.717000000E-06
1,42,comm, 2.332000000E-04
1,43,rhs, 1.659818000E-03
1,43,solve_z, 5.612982000E-03
1,43,solve_y, 6.517012000E-03
1,43,solve_x, 6.528170000E-03
1,43,etc, 1.711000000E-06
1,43,comm, 2.388300000E-04
1,44,rhs, 1.659363000E-03
1,44,solve_z, 5.598049000E-03
1,44,solve_y, 6.539776000E-03
1,44,solve_x, 6.513669000E-03
1,44,etc, 1.707000000E-06
1,44,comm, 2.441590000E-04
1,45,rhs, 1.659543000E-03
1,45,solve_z, 5.589373000E-03
1,45,solve_y, 6.527550000E-03
1,45,solve_x, 6.563793000E-03
1,45,etc, 1.684000000E-06
1,45,comm, 2.418720000E-04
1,46,rhs, 1.659094000E-03
1,46,solve_z, 5.614074000E-03
1,46,solve_y, 6.520718000E-03
1,46,solve_x, 6.514668000E-03
1,46,etc, 1.750000000E-06
1,46,comm, 2.372830000E-04
1,47,rhs, 1.658249000E-03
1,47,solve_z, 5.603292000E-03
1,47,solve_y, 6.522990000E-03
1,47,solve_x, 6.521062000E-03
1,47,etc, 1.862000000E-06
1,47,comm, 2.444690000E-04
1,48,rhs, 1.658827000E-03
1,48,solve_z, 5.595586000E-03
1,48,solve_y, 6.522946000E-03
1,48,solve_x, 6.525708000E-03
1,48,etc, 1.752000000E-06
1,48,comm, 2.334670000E-04
1,49,rhs, 1.658469000E-03
1,49,solve_z, 5.600298000E-03
1,49,solve_y, 6.529103000E-03
1,49,solve_x, 6.532159000E-03
1,49,etc, 1.649000000E-06
1,49,comm, 2.368260000E-04
1,50,rhs, 1.657860000E-03
1,50,solve_z, 5.588496000E-03
1,50,solve_y, 6.526832000E-03
1,50,solve_x, 6.517916000E-03
1,50,etc, 1.811000000E-06
1,50,comm, 2.331940000E-04
1,51,rhs, 1.659604000E-03
1,51,solve_z, 5.604609000E-03
1,51,solve_y, 6.522760000E-03
1,51,solve_x, 6.504066000E-03
1,51,etc, 1.713000000E-06
1,51,comm, 2.490350000E-04
1,52,rhs, 1.662334000E-03
1,52,solve_z, 5.614133000E-03
1,52,solve_y, 6.519168000E-03
1,52,solve_x, 6.541088000E-03
1,52,etc, 1.688000000E-06
1,52,comm, 2.388500000E-04
1,53,rhs, 1.658888000E-03
1,53,solve_z, 5.600705000E-03
1,53,solve_y, 6.534306000E-03
1,53,solve_x, 6.523986000E-03
1,53,etc, 1.620000000E-06
1,53,comm, 2.417940000E-04
1,54,rhs, 1.657710000E-03
1,54,solve_z, 5.596905000E-03
1,54,solve_y, 6.537590000E-03
1,54,solve_x, 6.521803000E-03
1,54,etc, 1.783000000E-06
1,54,comm, 2.474660000E-04
1,55,rhs, 1.659586000E-03
1,55,solve_z, 5.592561000E-03
1,55,solve_y, 6.526410000E-03
1,55,solve_x, 6.516549000E-03
1,55,etc, 1.643000000E-06
1,55,comm, 2.348050000E-04
1,56,rhs, 1.657202000E-03
1,56,solve_z, 5.596528000E-03
1,56,solve_y, 6.525235000E-03
1,56,solve_x, 6.523922000E-03
1,56,etc, 1.683000000E-06
1,56,comm, 2.745350000E-04
1,57,rhs, 1.659003000E-03
1,57,solve_z, 5.590532000E-03
1,57,solve_y, 6.517378000E-03
1,57,solve_x, 6.519741000E-03
1,57,etc, 1.823000000E-06
1,57,comm, 2.419810000E-04
1,58,rhs, 1.661589000E-03
1,58,solve_z, 5.597014000E-03
1,58,solve_y, 6.528877000E-03
1,58,solve_x, 6.522403000E-03
1,58,etc, 1.695000000E-06
1,58,comm, 2.406070000E-04
1,59,rhs, 1.660941000E-03
1,59,solve_z, 5.600116000E-03
1,59,solve_y, 6.551092000E-03
1,59,solve_x, 6.539288000E-03
1,59,etc, 1.797000000E-06
1,59,comm, 2.543640000E-04
1,60,rhs, 1.657979000E-03
1,60,solve_z, 5.604588000E-03
1,60,solve_y, 6.516930000E-03
1,60,solve_x, 6.522874000E-03
1,60,etc, 1.720000000E-06
1,60,comm, 2.357950000E-04
1,61,rhs, 1.657660000E-03
1,61,solve_z, 5.588986000E-03
1,61,solve_y, 6.510124000E-03
1,61,solve_x, 6.523790000E-03
1,61,etc, 1.613000000E-06
1,61,comm, 2.370460000E-04
1,62,rhs, 1.660231000E-03
1,62,solve_z, 5.608879000E-03
1,62,solve_y, 6.531642000E-03
1,62,solve_x, 6.526998000E-03
1,62,etc, 1.839000000E-06
1,62,comm, 2.488370000E-04
1,63,rhs, 1.659942000E-03
1,63,solve_z, 5.590883000E-03
1,63,solve_y, 6.521790000E-03
1,63,solve_x, 6.543768000E-03
1,63,etc, 1.726000000E-06
1,63,comm, 2.377510000E-04
1,64,rhs, 1.661225000E-03
1,64,solve_z, 5.600135000E-03
1,64,solve_y, 6.527392000E-03
1,64,solve_x, 6.517208000E-03
1,64,etc, 1.697000000E-06
1,64,comm, 2.400520000E-04
1,65,rhs, 1.660931000E-03
1,65,solve_z, 5.609355000E-03
1,65,solve_y, 6.527654000E-03
1,65,solve_x, 6.525520000E-03
1,65,etc, 1.864000000E-06
1,65,comm, 2.343790000E-04
1,66,rhs, 1.663425000E-03
1,66,solve_z, 5.609127000E-03
1,66,solve_y, 6.525560000E-03
1,66,solve_x, 6.517698000E-03
1,66,etc, 1.722000000E-06
1,66,comm, 2.337500000E-04
1,67,rhs, 1.663959000E-03
1,67,solve_z, 5.599496000E-03
1,67,solve_y, 6.517146000E-03
1,67,solve_x, 6.523715000E-03
1,67,etc, 1.836000000E-06
1,67,comm, 2.410040000E-04
1,68,rhs, 1.662357000E-03
1,68,solve_z, 5.601177000E-03
1,68,solve_y, 6.540112000E-03
1,68,solve_x, 6.548222000E-03
1,68,etc, 1.654000000E-06
1,68,comm, 2.382950000E-04
1,69,rhs, 1.661808000E-03
1,69,solve_z, 5.599750000E-03
1,69,solve_y, 6.524687000E-03
1,69,solve_x, 6.541453000E-03
1,69,etc, 1.815000000E-06
1,69,comm, 2.428020000E-04
1,70,rhs, 1.661324000E-03
1,70,solve_z, 5.587057000E-03
1,70,solve_y, 6.522740000E-03
1,70,solve_x, 6.530959000E-03
1,70,etc, 1.750000000E-06
1,70,comm, 2.342440000E-04
1,71,rhs, 1.660996000E-03
1,71,solve_z, 5.582106000E-03
1,71,solve_y, 6.528140000E-03
1,71,solve_x, 6.529482000E-03
1,71,etc, 1.768000000E-06
1,71,comm, 2.459540000E-04
1,72,rhs, 1.663307000E-03
1,72,solve_z, 5.595882000E-03
1,72,solve_y, 6.519821000E-03
1,72,solve_x, 6.532943000E-03
1,72,etc, 1.763000000E-06
1,72,comm, 2.458320000E-04
1,73,rhs, 1.662285000E-03
1,73,solve_z, 5.596186000E-03
1,73,solve_y, 6.527533000E-03
1,73,solve_x, 6.535601000E-03
1,73,etc, 1.704000000E-06
1,73,comm, 2.377060000E-04
1,74,rhs, 1.660037000E-03
1,74,solve_z, 5.591049000E-03
1,74,solve_y, 6.528422000E-03
1,74,solve_x, 6.530502000E-03
1,74,etc, 1.912000000E-06
1,74,comm, 2.373900000E-04
1,75,rhs, 1.662635000E-03
1,75,solve_z, 5.584465000E-03
1,75,solve_y, 6.543255000E-03
1,75,solve_x, 6.540227000E-03
1,75,etc, 1.653000000E-06
1,75,comm, 2.367910000E-04
1,76,rhs, 1.662748000E-03
1,76,solve_z, 5.603078000E-03
1,76,solve_y, 6.535011000E-03
1,76,solve_x, 6.523112000E-03
1,76,etc, 1.774000000E-06
1,76,comm, 2.441950000E-04
1,77,rhs, 1.661827000E-03
1,77,solve_z, 5.595588000E-03
1,77,solve_y, 6.535871000E-03
1,77,solve_x, 6.516120000E-03
1,77,etc, 1.631000000E-06
1,77,comm, 2.489400000E-04
1,78,rhs, 1.660343000E-03
1,78,solve_z, 5.599189000E-03
1,78,solve_y, 6.548841000E-03
1,78,solve_x, 6.530982000E-03
1,78,etc, 1.720000000E-06
1,78,comm, 2.383020000E-04
1,79,rhs, 1.659571000E-03
1,79,solve_z, 5.595084000E-03
1,79,solve_y, 6.520632000E-03
1,79,solve_x, 6.547444000E-03
1,79,etc, 1.700000000E-06
1,79,comm, 2.328250000E-04
1,80,rhs, 1.659399000E-03
1,80,solve_z, 5.591957000E-03
1,80,solve_y, 6.526979000E-03
1,80,solve_x, 6.509904000E-03
1,80,etc, 1.673000000E-06
1,80,comm, 2.374970000E-04
1,81,rhs, 1.662031000E-03
1,81,solve_z, 5.595554000E-03
1,81,solve_y, 6.524278000E-03
1,81,solve_x, 6.526942000E-03
1,81,etc, 1.662000000E-06
1,81,comm, 2.448550000E-04
1,82,rhs, 1.660441000E-03
1,82,solve_z, 5.595333000E-03
1,82,solve_y, 6.530505000E-03
1,82,solve_x, 6.528787000E-03
1,82,etc, 1.678000000E-06
1,82,comm, 2.368300000E-04
1,83,rhs, 1.660014000E-03
1,83,solve_z, 5.591473000E-03
1,83,solve_y, 6.505017000E-03
1,83,solve_x, 6.533423000E-03
1,83,etc, 1.590000000E-06
1,83,comm, 2.438190000E-04
1,84,rhs, 1.660761000E-03
1,84,solve_z, 5.609982000E-03
1,84,solve_y, 6.526759000E-03
1,84,solve_x, 6.528252000E-03
1,84,etc, 1.745000000E-06
1,84,comm, 2.383680000E-04
1,85,rhs, 1.659355000E-03
1,85,solve_z, 5.594272000E-03
1,85,solve_y, 6.528543000E-03
1,85,solve_x, 6.546186000E-03
1,85,etc, 1.612000000E-06
1,85,comm, 2.489930000E-04
1,86,rhs, 1.660528000E-03
1,86,solve_z, 5.591079000E-03
1,86,solve_y, 6.513278000E-03
1,86,solve_x, 6.512718000E-03
1,86,etc, 1.606000000E-06
1,86,comm, 2.318090000E-04
1,87,rhs, 1.659927000E-03
1,87,solve_z, 5.603660000E-03
1,87,solve_y, 6.526592000E-03
1,87,solve_x, 6.511059000E-03
1,87,etc, 1.721000000E-06
1,87,comm, 2.385790000E-04
1,88,rhs, 1.660555000E-03
1,88,solve_z, 5.608951000E-03
1,88,solve_y, 6.527429000E-03
1,88,solve_x, 6.539546000E-03
1,88,etc, 2.243000000E-06
1,88,comm, 2.455700000E-04
1,89,rhs, 1.665116000E-03
1,89,solve_z, 5.608531000E-03
1,89,solve_y, 6.529552000E-03
1,89,solve_x, 6.538612000E-03
1,89,etc, 1.556000000E-06
1,89,comm, 2.463090000E-04
1,90,rhs, 1.662425000E-03
1,90,solve_z, 5.600270000E-03
1,90,solve_y, 6.517311000E-03
1,90,solve_x, 6.529387000E-03
1,90,etc, 1.771000000E-06
1,90,comm, 2.416550000E-04
1,91,rhs, 1.658759000E-03
1,91,solve_z, 5.591220000E-03
1,91,solve_y, 6.513976000E-03
1,91,solve_x, 6.508249000E-03
1,91,etc, 1.694000000E-06
1,91,comm, 2.425340000E-04
1,92,rhs, 1.661189000E-03
1,92,solve_z, 5.595829000E-03
1,92,solve_y, 6.523521000E-03
1,92,solve_x, 6.521834000E-03
1,92,etc, 1.652000000E-06
1,92,comm, 2.323150000E-04
1,93,rhs, 1.660262000E-03
1,93,solve_z, 5.602886000E-03
1,93,solve_y, 6.542556000E-03
1,93,solve_x, 6.534162000E-03
1,93,etc, 1.609000000E-06
1,93,comm, 2.410240000E-04
1,94,rhs, 1.662896000E-03
1,94,solve_z, 5.593836000E-03
1,94,solve_y, 6.522660000E-03
1,94,solve_x, 6.544222000E-03
1,94,etc, 1.645000000E-06
1,94,comm, 2.419190000E-04
1,95,rhs, 1.662215000E-03
1,95,solve_z, 5.593226000E-03
1,95,solve_y, 6.543977000E-03
1,95,solve_x, 6.532529000E-03
1,95,etc, 1.642000000E-06
1,95,comm, 2.344360000E-04
1,96,rhs, 1.659629000E-03
1,96,solve_z, 5.592047000E-03
1,96,solve_y, 6.521000000E-03
1,96,solve_x, 6.537165000E-03
1,96,etc, 1.665000000E-06
1,96,comm, 2.310010000E-04
1,97,rhs, 1.662028000E-03
1,97,solve_z, 5.589884000E-03
1,97,solve_y, 6.500901000E-03
1,97,solve_x, 6.527409000E-03
1,97,etc, 1.693000000E-06
1,97,comm, 2.709870000E-04
1,98,rhs, 1.659807000E-03
1,98,solve_z, 5.592847000E-03
1,98,solve_y, 6.519841000E-03
1,98,solve_x, 6.522568000E-03
1,98,etc, 1.707000000E-06
1,98,comm, 2.397940000E-04
1,99,rhs, 1.661942000E-03
1,99,solve_z, 5.605011000E-03
1,99,solve_y, 6.502191000E-03
1,99,solve_x, 6.539009000E-03
1,99,etc, 1.877000000E-06
1,99,comm, 2.472970000E-04
1,100,rhs, 1.659390000E-03
1,100,solve_z, 5.596904000E-03
1,100,solve_y, 6.515407000E-03
1,100,solve_x, 6.527630000E-03
1,100,etc, 1.693000000E-06
1,100,comm, 2.387500000E-04
1,101,rhs, 1.657611000E-03
1,101,solve_z, 5.587729000E-03
1,101,solve_y, 6.536965000E-03
1,101,solve_x, 6.519561000E-03
1,101,etc, 1.802000000E-06
1,101,comm, 2.345540000E-04
1,102,rhs, 1.660617000E-03
1,102,solve_z, 5.603821000E-03
1,102,solve_y, 6.534100000E-03
1,102,solve_x, 6.529330000E-03
1,102,etc, 1.683000000E-06
1,102,comm, 2.377180000E-04
1,103,rhs, 1.661230000E-03
1,103,solve_z, 5.600425000E-03
1,103,solve_y, 6.519931000E-03
1,103,solve_x, 6.513649000E-03
1,103,etc, 1.654000000E-06
1,103,comm, 2.400810000E-04
1,104,rhs, 1.658026000E-03
1,104,solve_z, 5.587244000E-03
1,104,solve_y, 6.666215000E-03
1,104,solve_x, 6.596922000E-03
1,104,etc, 1.640000000E-06
1,104,comm, 2.332610000E-04
1,105,rhs, 1.665257000E-03
1,105,solve_z, 5.595494000E-03
1,105,solve_y, 6.530214000E-03
1,105,solve_x, 6.528905000E-03
1,105,etc, 1.790000000E-06
1,105,comm, 2.648170000E-04
1,106,rhs, 1.660468000E-03
1,106,solve_z, 5.613366000E-03
1,106,solve_y, 6.532130000E-03
1,106,solve_x, 6.604659000E-03
1,106,etc, 1.730000000E-06
1,106,comm, 2.379830000E-04
1,107,rhs, 1.661478000E-03
1,107,solve_z, 5.610311000E-03
1,107,solve_y, 6.512889000E-03
1,107,solve_x, 6.517659000E-03
1,107,etc, 1.763000000E-06
1,107,comm, 2.371380000E-04
1,108,rhs, 1.661021000E-03
1,108,solve_z, 5.611512000E-03
1,108,solve_y, 6.522869000E-03
1,108,solve_x, 6.529212000E-03
1,108,etc, 1.735000000E-06
1,108,comm, 2.456080000E-04
1,109,rhs, 1.659616000E-03
1,109,solve_z, 5.607182000E-03
1,109,solve_y, 6.526100000E-03
1,109,solve_x, 6.507303000E-03
1,109,etc, 1.674000000E-06
1,109,comm, 2.384250000E-04
1,110,rhs, 1.662390000E-03
1,110,solve_z, 5.594458000E-03
1,110,solve_y, 6.526183000E-03
1,110,solve_x, 6.521234000E-03
1,110,etc, 1.587000000E-06
1,110,comm, 2.358690000E-04
1,111,rhs, 1.660230000E-03
1,111,solve_z, 5.585092000E-03
1,111,solve_y, 6.504297000E-03
1,111,solve_x, 6.527819000E-03
1,111,etc, 1.682000000E-06
1,111,comm, 2.372740000E-04
1,112,rhs, 1.664654000E-03
1,112,solve_z, 5.597248000E-03
1,112,solve_y, 6.515803000E-03
1,112,solve_x, 6.535888000E-03
1,112,etc, 2.057000000E-06
1,112,comm, 2.545460000E-04
1,113,rhs, 1.659118000E-03
1,113,solve_z, 5.596688000E-03
1,113,solve_y, 6.522531000E-03
1,113,solve_x, 6.541113000E-03
1,113,etc, 1.731000000E-06
1,113,comm, 2.357920000E-04
1,114,rhs, 1.660929000E-03
1,114,solve_z, 5.589449000E-03
1,114,solve_y, 6.497479000E-03
1,114,solve_x, 6.544962000E-03
1,114,etc, 1.718000000E-06
1,114,comm, 2.393170000E-04
1,115,rhs, 1.660315000E-03
1,115,solve_z, 5.591668000E-03
1,115,solve_y, 6.535081000E-03
1,115,solve_x, 6.542518000E-03
1,115,etc, 1.723000000E-06
1,115,comm, 2.401510000E-04
1,116,rhs, 1.660412000E-03
1,116,solve_z, 5.596943000E-03
1,116,solve_y, 6.517339000E-03
1,116,solve_x, 6.517524000E-03
1,116,etc, 1.806000000E-06
1,116,comm, 2.385220000E-04
1,117,rhs, 1.658050000E-03
1,117,solve_z, 5.612982000E-03
1,117,solve_y, 6.524586000E-03
1,117,solve_x, 6.525755000E-03
1,117,etc, 1.663000000E-06
1,117,comm, 2.311640000E-04
1,118,rhs, 1.657986000E-03
1,118,solve_z, 5.605208000E-03
1,118,solve_y, 6.536748000E-03
1,118,solve_x, 6.546939000E-03
1,118,etc, 1.814000000E-06
1,118,comm, 2.456800000E-04
1,119,rhs, 1.660354000E-03
1,119,solve_z, 5.591743000E-03
1,119,solve_y, 6.535488000E-03
1,119,solve_x, 6.546566000E-03
1,119,etc, 1.635000000E-06
1,119,comm, 2.343330000E-04
1,120,rhs, 1.659436000E-03
1,120,solve_z, 5.600333000E-03
1,120,solve_y, 6.539226000E-03
1,120,solve_x, 6.522509000E-03
1,120,etc, 1.746000000E-06
1,120,comm, 2.396320000E-04
1,121,rhs, 1.660010000E-03
1,121,solve_z, 5.605816000E-03
1,121,solve_y, 6.522058000E-03
1,121,solve_x, 6.536356000E-03
1,121,etc, 1.762000000E-06
1,121,comm, 2.442360000E-04
1,122,rhs, 1.658158000E-03
1,122,solve_z, 5.595128000E-03
1,122,solve_y, 6.506437000E-03
1,122,solve_x, 6.504858000E-03
1,122,etc, 1.708000000E-06
1,122,comm, 2.359260000E-04
1,123,rhs, 1.657522000E-03
1,123,solve_z, 5.588233000E-03
1,123,solve_y, 6.528592000E-03
1,123,solve_x, 6.539774000E-03
1,123,etc, 1.725000000E-06
1,123,comm, 2.343210000E-04
1,124,rhs, 1.660317000E-03
1,124,solve_z, 5.609191000E-03
1,124,solve_y, 6.528699000E-03
1,124,solve_x, 6.532128000E-03
1,124,etc, 1.802000000E-06
1,124,comm, 2.409210000E-04
1,125,rhs, 1.660516000E-03
1,125,solve_z, 5.598095000E-03
1,125,solve_y, 6.545093000E-03
1,125,solve_x, 6.538675000E-03
1,125,etc, 1.647000000E-06
1,125,comm, 2.308680000E-04
1,126,rhs, 1.658081000E-03
1,126,solve_z, 5.604248000E-03
1,126,solve_y, 6.532220000E-03
1,126,solve_x, 6.542760000E-03
1,126,etc, 1.855000000E-06
1,126,comm, 2.359720000E-04
1,127,rhs, 1.658093000E-03
1,127,solve_z, 5.598489000E-03
1,127,solve_y, 6.522859000E-03
1,127,solve_x, 6.546732000E-03
1,127,etc, 1.800000000E-06
1,127,comm, 2.340890000E-04
2,1,rhs, 1.762993000E-03
2,1,solve_z, 5.571655000E-03
2,1,solve_y, 6.518642000E-03
2,1,solve_x, 6.490478000E-03
2,1,etc, 2.386000000E-06
2,1,comm, 2.552470000E-04
2,2,rhs, 1.754928000E-03
2,2,solve_z, 5.581507000E-03
2,2,solve_y, 6.501182000E-03
2,2,solve_x, 6.496385000E-03
2,2,etc, 1.973000000E-06
2,2,comm, 2.350540000E-04
2,3,rhs, 1.752330000E-03
2,3,solve_z, 5.570630000E-03
2,3,solve_y, 6.495497000E-03
2,3,solve_x, 6.498616000E-03
2,3,etc, 1.801000000E-06
2,3,comm, 2.224630000E-04
2,4,rhs, 1.762317000E-03
2,4,solve_z, 5.564785000E-03
2,4,solve_y, 6.529602000E-03
2,4,solve_x, 6.492047000E-03
2,4,etc, 1.822000000E-06
2,4,comm, 2.208560000E-04
2,5,rhs, 1.757033000E-03
2,5,solve_z, 5.581433000E-03
2,5,solve_y, 6.476801000E-03
2,5,solve_x, 6.507892000E-03
2,5,etc, 1.780000000E-06
2,5,comm, 2.215340000E-04
2,6,rhs, 1.758105000E-03
2,6,solve_z, 5.584283000E-03
2,6,solve_y, 6.511382000E-03
2,6,solve_x, 6.484209000E-03
2,6,etc, 4.244000000E-06
2,6,comm, 2.236770000E-04
2,7,rhs, 1.756995000E-03
2,7,solve_z, 5.568184000E-03
2,7,solve_y, 6.465762000E-03
2,7,solve_x, 6.502197000E-03
2,7,etc, 1.800000000E-06
2,7,comm, 2.296380000E-04
2,8,rhs, 1.673349000E-03
2,8,solve_z, 5.601985000E-03
2,8,solve_y, 6.487587000E-03
2,8,solve_x, 6.517265000E-03
2,8,etc, 1.813000000E-06
2,8,comm, 2.215210000E-04
2,9,rhs, 1.667538000E-03
2,9,solve_z, 5.584541000E-03
2,9,solve_y, 6.494129000E-03
2,9,solve_x, 6.513402000E-03
2,9,etc, 1.894000000E-06
2,9,comm, 2.208210000E-04
2,10,rhs, 1.670722000E-03
2,10,solve_z, 5.627388000E-03
2,10,solve_y, 6.545910000E-03
2,10,solve_x, 6.548042000E-03
2,10,etc, 1.863000000E-06
2,10,comm, 2.217420000E-04
2,11,rhs, 1.667722000E-03
2,11,solve_z, 5.604725000E-03
2,11,solve_y, 6.497630000E-03
2,11,solve_x, 6.533680000E-03
2,11,etc, 2.383000000E-06
2,11,comm, 2.377450000E-04
2,12,rhs, 1.665986000E-03
2,12,solve_z, 5.593998000E-03
2,12,solve_y, 6.492853000E-03
2,12,solve_x, 6.534408000E-03
2,12,etc, 1.928000000E-06
2,12,comm, 2.248330000E-04
2,13,rhs, 1.665616000E-03
2,13,solve_z, 5.606870000E-03
2,13,solve_y, 6.471646000E-03
2,13,solve_x, 6.535937000E-03
2,13,etc, 1.947000000E-06
2,13,comm, 2.414700000E-04
2,14,rhs, 1.665017000E-03
2,14,solve_z, 5.599777000E-03
2,14,solve_y, 6.485765000E-03
2,14,solve_x, 6.537541000E-03
2,14,etc, 2.048000000E-06
2,14,comm, 2.343370000E-04
2,15,rhs, 1.668796000E-03
2,15,solve_z, 5.598904000E-03
2,15,solve_y, 6.483304000E-03
2,15,solve_x, 6.538114000E-03
2,15,etc, 2.027000000E-06
2,15,comm, 2.290600000E-04
2,16,rhs, 1.664996000E-03
2,16,solve_z, 5.596545000E-03
2,16,solve_y, 6.475114000E-03
2,16,solve_x, 6.539041000E-03
2,16,etc, 2.047000000E-06
2,16,comm, 2.292300000E-04
2,17,rhs, 1.662791000E-03
2,17,solve_z, 5.599735000E-03
2,17,solve_y, 6.482103000E-03
2,17,solve_x, 6.556428000E-03
2,17,etc, 2.138000000E-06
2,17,comm, 2.441450000E-04
2,18,rhs, 1.664154000E-03
2,18,solve_z, 5.608099000E-03
2,18,solve_y, 6.444293000E-03
2,18,solve_x, 6.545242000E-03
2,18,etc, 2.024000000E-06
2,18,comm, 2.251460000E-04
2,19,rhs, 1.662132000E-03
2,19,solve_z, 5.616471000E-03
2,19,solve_y, 6.482480000E-03
2,19,solve_x, 6.529487000E-03
2,19,etc, 1.786000000E-06
2,19,comm, 2.282080000E-04
2,20,rhs, 1.656107000E-03
2,20,solve_z, 5.595452000E-03
2,20,solve_y, 6.475151000E-03
2,20,solve_x, 6.532902000E-03
2,20,etc, 2.367000000E-06
2,20,comm, 2.386090000E-04
2,21,rhs, 1.662273000E-03
2,21,solve_z, 5.597540000E-03
2,21,solve_y, 6.508100000E-03
2,21,solve_x, 6.548475000E-03
2,21,etc, 1.787000000E-06
2,21,comm, 2.275360000E-04
2,22,rhs, 1.664808000E-03
2,22,solve_z, 5.599299000E-03
2,22,solve_y, 6.484659000E-03
2,22,solve_x, 6.533041000E-03
2,22,etc, 2.558000000E-06
2,22,comm, 2.366990000E-04
2,23,rhs, 1.662041000E-03
2,23,solve_z, 5.611705000E-03
2,23,solve_y, 6.475843000E-03
2,23,solve_x, 6.761069000E-03
2,23,etc, 1.935000000E-06
2,23,comm, 2.267430000E-04
2,24,rhs, 1.657250000E-03
2,24,solve_z, 5.601207000E-03
2,24,solve_y, 6.669006000E-03
2,24,solve_x, 6.552674000E-03
2,24,etc, 1.907000000E-06
2,24,comm, 2.308500000E-04
2,25,rhs, 1.662884000E-03
2,25,solve_z, 5.599882000E-03
2,25,solve_y, 6.460409000E-03
2,25,solve_x, 6.532863000E-03
2,25,etc, 2.284000000E-06
2,25,comm, 2.338610000E-04
2,26,rhs, 1.660272000E-03
2,26,solve_z, 5.603825000E-03
2,26,solve_y, 6.485883000E-03
2,26,solve_x, 6.522221000E-03
2,26,etc, 2.211000000E-06
2,26,comm, 2.262550000E-04
2,27,rhs, 1.661592000E-03
2,27,solve_z, 5.606825000E-03
2,27,solve_y, 6.471883000E-03
2,27,solve_x, 6.542094000E-03
2,27,etc, 2.034000000E-06
2,27,comm, 2.382350000E-04
2,28,rhs, 1.659754000E-03
2,28,solve_z, 5.613687000E-03
2,28,solve_y, 6.489701000E-03
2,28,solve_x, 6.530211000E-03
2,28,etc, 1.846000000E-06
2,28,comm, 2.171430000E-04
2,29,rhs, 1.659827000E-03
2,29,solve_z, 5.602601000E-03
2,29,solve_y, 6.503221000E-03
2,29,solve_x, 6.523535000E-03
2,29,etc, 1.962000000E-06
2,29,comm, 2.235560000E-04
2,30,rhs, 1.661040000E-03
2,30,solve_z, 5.603656000E-03
2,30,solve_y, 6.514576000E-03
2,30,solve_x, 6.529340000E-03
2,30,etc, 2.216000000E-06
2,30,comm, 3.096560000E-04
2,31,rhs, 1.655916000E-03
2,31,solve_z, 5.608439000E-03
2,31,solve_y, 6.464982000E-03
2,31,solve_x, 6.525714000E-03
2,31,etc, 1.781000000E-06
2,31,comm, 2.269000000E-04
2,32,rhs, 1.662223000E-03
2,32,solve_z, 5.602028000E-03
2,32,solve_y, 6.497419000E-03
2,32,solve_x, 6.541913000E-03
2,32,etc, 1.827000000E-06
2,32,comm, 2.228830000E-04
2,33,rhs, 1.660547000E-03
2,33,solve_z, 5.588782000E-03
2,33,solve_y, 6.467197000E-03
2,33,solve_x, 6.526805000E-03
2,33,etc, 1.712000000E-06
2,33,comm, 2.308530000E-04
2,34,rhs, 1.660745000E-03
2,34,solve_z, 5.610109000E-03
2,34,solve_y, 6.462652000E-03
2,34,solve_x, 6.507464000E-03
2,34,etc, 1.855000000E-06
2,34,comm, 2.264610000E-04
2,35,rhs, 1.662653000E-03
2,35,solve_z, 5.616552000E-03
2,35,solve_y, 6.470785000E-03
2,35,solve_x, 6.503435000E-03
2,35,etc, 1.776000000E-06
2,35,comm, 2.170570000E-04
2,36,rhs, 1.660654000E-03
2,36,solve_z, 5.597848000E-03
2,36,solve_y, 6.462182000E-03
2,36,solve_x, 6.522292000E-03
2,36,etc, 1.827000000E-06
2,36,comm, 2.226930000E-04
2,37,rhs, 1.657555000E-03
2,37,solve_z, 5.597570000E-03
2,37,solve_y, 6.481274000E-03
2,37,solve_x, 6.535832000E-03
2,37,etc, 1.778000000E-06
2,37,comm, 2.190050000E-04
2,38,rhs, 1.662610000E-03
2,38,solve_z, 5.599620000E-03
2,38,solve_y, 6.472955000E-03
2,38,solve_x, 6.530002000E-03
2,38,etc, 1.746000000E-06
2,38,comm, 2.210880000E-04
2,39,rhs, 1.657291000E-03
2,39,solve_z, 5.596586000E-03
2,39,solve_y, 6.499479000E-03
2,39,solve_x, 6.519231000E-03
2,39,etc, 1.769000000E-06
2,39,comm, 2.190860000E-04
2,40,rhs, 1.658413000E-03
2,40,solve_z, 5.603627000E-03
2,40,solve_y, 6.497193000E-03
2,40,solve_x, 6.533744000E-03
2,40,etc, 1.763000000E-06
2,40,comm, 2.213950000E-04
2,41,rhs, 1.659990000E-03
2,41,solve_z, 5.614448000E-03
2,41,solve_y, 6.474904000E-03
2,41,solve_x, 6.502982000E-03
2,41,etc, 1.716000000E-06
2,41,comm, 2.215270000E-04
2,42,rhs, 1.659428000E-03
2,42,solve_z, 5.615081000E-03
2,42,solve_y, 6.455254000E-03
2,42,solve_x, 6.527086000E-03
2,42,etc, 1.794000000E-06
2,42,comm, 2.147350000E-04
2,43,rhs, 1.657180000E-03
2,43,solve_z, 5.604271000E-03
2,43,solve_y, 6.490285000E-03
2,43,solve_x, 6.526245000E-03
2,43,etc, 1.902000000E-06
2,43,comm, 2.148370000E-04
2,44,rhs, 1.661623000E-03
2,44,solve_z, 5.602165000E-03
2,44,solve_y, 6.488049000E-03
2,44,solve_x, 6.503923000E-03
2,44,etc, 1.709000000E-06
2,44,comm, 2.245640000E-04
2,45,rhs, 1.661253000E-03
2,45,solve_z, 5.598076000E-03
2,45,solve_y, 6.463111000E-03
2,45,solve_x, 6.552615000E-03
2,45,etc, 1.803000000E-06
2,45,comm, 2.205730000E-04
2,46,rhs, 1.652279000E-03
2,46,solve_z, 5.582458000E-03
2,46,solve_y, 6.466263000E-03
2,46,solve_x, 6.514560000E-03
2,46,etc, 1.801000000E-06
2,46,comm, 2.149540000E-04
2,47,rhs, 1.663519000E-03
2,47,solve_z, 5.597187000E-03
2,47,solve_y, 6.475215000E-03
2,47,solve_x, 6.522964000E-03
2,47,etc, 1.781000000E-06
2,47,comm, 2.245840000E-04
2,48,rhs, 1.662369000E-03
2,48,solve_z, 5.592992000E-03
2,48,solve_y, 6.461648000E-03
2,48,solve_x, 6.517901000E-03
2,48,etc, 1.769000000E-06
2,48,comm, 2.133080000E-04
2,49,rhs, 1.658596000E-03
2,49,solve_z, 5.601875000E-03
2,49,solve_y, 6.473938000E-03
2,49,solve_x, 6.526355000E-03
2,49,etc, 1.747000000E-06
2,49,comm, 2.214320000E-04
2,50,rhs, 1.655803000E-03
2,50,solve_z, 5.610867000E-03
2,50,solve_y, 6.481474000E-03
2,50,solve_x, 6.514273000E-03
2,50,etc, 1.717000000E-06
2,50,comm, 2.135290000E-04
2,51,rhs, 1.658473000E-03
2,51,solve_z, 5.610363000E-03
2,51,solve_y, 6.464587000E-03
2,51,solve_x, 6.510865000E-03
2,51,etc, 1.778000000E-06
2,51,comm, 2.284680000E-04
2,52,rhs, 1.664163000E-03
2,52,solve_z, 5.614081000E-03
2,52,solve_y, 6.461420000E-03
2,52,solve_x, 6.529251000E-03
2,52,etc, 1.739000000E-06
2,52,comm, 2.173740000E-04
2,53,rhs, 1.658761000E-03
2,53,solve_z, 5.591233000E-03
2,53,solve_y, 6.504148000E-03
2,53,solve_x, 6.527469000E-03
2,53,etc, 1.737000000E-06
2,53,comm, 2.204080000E-04
2,54,rhs, 1.660775000E-03
2,54,solve_z, 5.594376000E-03
2,54,solve_y, 6.473494000E-03
2,54,solve_x, 6.519092000E-03
2,54,etc, 1.723000000E-06
2,54,comm, 2.263400000E-04
2,55,rhs, 1.661189000E-03
2,55,solve_z, 5.590727000E-03
2,55,solve_y, 6.483675000E-03
2,55,solve_x, 6.613514000E-03
2,55,etc, 1.729000000E-06
2,55,comm, 2.200040000E-04
2,56,rhs, 1.657580000E-03
2,56,solve_z, 5.604840000E-03
2,56,solve_y, 6.457262000E-03
2,56,solve_x, 6.519543000E-03
2,56,etc, 1.789000000E-06
2,56,comm, 2.330860000E-04
2,57,rhs, 1.659116000E-03
2,57,solve_z, 5.594845000E-03
2,57,solve_y, 6.478086000E-03
2,57,solve_x, 6.529849000E-03
2,57,etc, 1.818000000E-06
2,57,comm, 2.219300000E-04
2,58,rhs, 1.658686000E-03
2,58,solve_z, 5.597086000E-03
2,58,solve_y, 6.484051000E-03
2,58,solve_x, 6.524749000E-03
2,58,etc, 1.739000000E-06
2,58,comm, 2.233810000E-04
2,59,rhs, 1.661936000E-03
2,59,solve_z, 5.597991000E-03
2,59,solve_y, 6.500197000E-03
2,59,solve_x, 6.534369000E-03
2,59,etc, 1.777000000E-06
2,59,comm, 2.330960000E-04
2,60,rhs, 1.659972000E-03
2,60,solve_z, 5.608442000E-03
2,60,solve_y, 6.494136000E-03
2,60,solve_x, 6.512222000E-03
2,60,etc, 1.828000000E-06
2,60,comm, 2.146980000E-04
2,61,rhs, 1.658685000E-03
2,61,solve_z, 5.587986000E-03
2,61,solve_y, 6.468085000E-03
2,61,solve_x, 6.527010000E-03
2,61,etc, 1.693000000E-06
2,61,comm, 2.160280000E-04
2,62,rhs, 1.661084000E-03
2,62,solve_z, 5.591629000E-03
2,62,solve_y, 6.467091000E-03
2,62,solve_x, 6.517229000E-03
2,62,etc, 1.810000000E-06
2,62,comm, 2.278620000E-04
2,63,rhs, 1.662801000E-03
2,63,solve_z, 5.608631000E-03
2,63,solve_y, 6.466919000E-03
2,63,solve_x, 6.530080000E-03
2,63,etc, 1.798000000E-06
2,63,comm, 2.147580000E-04
2,64,rhs, 1.656928000E-03
2,64,solve_z, 5.599704000E-03
2,64,solve_y, 6.472508000E-03
2,64,solve_x, 6.519554000E-03
2,64,etc, 1.779000000E-06
2,64,comm, 2.188460000E-04
2,65,rhs, 1.656713000E-03
2,65,solve_z, 5.601672000E-03
2,65,solve_y, 6.487490000E-03
2,65,solve_x, 6.514454000E-03
2,65,etc, 1.745000000E-06
2,65,comm, 2.136510000E-04
2,66,rhs, 1.660419000E-03
2,66,solve_z, 5.609319000E-03
2,66,solve_y, 6.464865000E-03
2,66,solve_x, 6.514013000E-03
2,66,etc, 1.838000000E-06
2,66,comm, 2.090580000E-04
2,67,rhs, 1.662337000E-03
2,67,solve_z, 5.598449000E-03
2,67,solve_y, 6.477328000E-03
2,67,solve_x, 6.526525000E-03
2,67,etc, 1.900000000E-06
2,67,comm, 2.269740000E-04
2,68,rhs, 1.657001000E-03
2,68,solve_z, 5.590149000E-03
2,68,solve_y, 6.468143000E-03
2,68,solve_x, 6.520199000E-03
2,68,etc, 1.723000000E-06
2,68,comm, 2.197810000E-04
2,69,rhs, 1.664293000E-03
2,69,solve_z, 5.599055000E-03
2,69,solve_y, 6.462389000E-03
2,69,solve_x, 6.521210000E-03
2,69,etc, 1.795000000E-06
2,69,comm, 2.210710000E-04
2,70,rhs, 1.656999000E-03
2,70,solve_z, 5.598698000E-03
2,70,solve_y, 6.492188000E-03
2,70,solve_x, 6.525974000E-03
2,70,etc, 1.809000000E-06
2,70,comm, 2.151170000E-04
2,71,rhs, 1.660874000E-03
2,71,solve_z, 5.586559000E-03
2,71,solve_y, 6.501017000E-03
2,71,solve_x, 6.522205000E-03
2,71,etc, 1.766000000E-06
2,71,comm, 2.280390000E-04
2,72,rhs, 1.663166000E-03
2,72,solve_z, 5.606804000E-03
2,72,solve_y, 6.507646000E-03
2,72,solve_x, 6.521617000E-03
2,72,etc, 1.823000000E-06
2,72,comm, 2.298210000E-04
2,73,rhs, 1.659620000E-03
2,73,solve_z, 5.604265000E-03
2,73,solve_y, 6.474082000E-03
2,73,solve_x, 6.530283000E-03
2,73,etc, 1.703000000E-06
2,73,comm, 2.218260000E-04
2,74,rhs, 1.659641000E-03
2,74,solve_z, 5.598238000E-03
2,74,solve_y, 6.482970000E-03
2,74,solve_x, 6.520957000E-03
2,74,etc, 1.787000000E-06
2,74,comm, 2.189130000E-04
2,75,rhs, 1.656628000E-03
2,75,solve_z, 5.594226000E-03
2,75,solve_y, 6.512866000E-03
2,75,solve_x, 6.530369000E-03
2,75,etc, 1.747000000E-06
2,75,comm, 2.163010000E-04
2,76,rhs, 1.660562000E-03
2,76,solve_z, 5.616049000E-03
2,76,solve_y, 6.483846000E-03
2,76,solve_x, 6.515671000E-03
2,76,etc, 1.808000000E-06
2,76,comm, 2.361500000E-04
2,77,rhs, 1.658755000E-03
2,77,solve_z, 5.590439000E-03
2,77,solve_y, 6.496078000E-03
2,77,solve_x, 6.524687000E-03
2,77,etc, 1.815000000E-06
2,77,comm, 2.351990000E-04
2,78,rhs, 1.661549000E-03
2,78,solve_z, 5.606456000E-03
2,78,solve_y, 6.516576000E-03
2,78,solve_x, 6.519851000E-03
2,78,etc, 1.796000000E-06
2,78,comm, 2.180700000E-04
2,79,rhs, 1.662077000E-03
2,79,solve_z, 5.598341000E-03
2,79,solve_y, 6.480348000E-03
2,79,solve_x, 6.517444000E-03
2,79,etc, 1.759000000E-06
2,79,comm, 2.160640000E-04
2,80,rhs, 1.659747000E-03
2,80,solve_z, 5.592668000E-03
2,80,solve_y, 6.459216000E-03
2,80,solve_x, 6.505654000E-03
2,80,etc, 1.823000000E-06
2,80,comm, 2.231750000E-04
2,81,rhs, 1.657491000E-03
2,81,solve_z, 5.609419000E-03
2,81,solve_y, 6.465327000E-03
2,81,solve_x, 6.526848000E-03
2,81,etc, 1.849000000E-06
2,81,comm, 2.184520000E-04
2,82,rhs, 1.661007000E-03
2,82,solve_z, 5.592064000E-03
2,82,solve_y, 6.480778000E-03
2,82,solve_x, 6.518777000E-03
2,82,etc, 1.851000000E-06
2,82,comm, 2.155890000E-04
2,83,rhs, 1.659494000E-03
2,83,solve_z, 5.596131000E-03
2,83,solve_y, 6.477826000E-03
2,83,solve_x, 6.526666000E-03
2,83,etc, 1.715000000E-06
2,83,comm, 2.235300000E-04
2,84,rhs, 1.661077000E-03
2,84,solve_z, 5.598485000E-03
2,84,solve_y, 6.485156000E-03
2,84,solve_x, 6.523106000E-03
2,84,etc, 1.742000000E-06
2,84,comm, 2.152270000E-04
2,85,rhs, 1.657664000E-03
2,85,solve_z, 5.587484000E-03
2,85,solve_y, 6.491366000E-03
2,85,solve_x, 6.531927000E-03
2,85,etc, 1.896000000E-06
2,85,comm, 2.164170000E-04
2,86,rhs, 1.656811000E-03
2,86,solve_z, 5.596514000E-03
2,86,solve_y, 6.484495000E-03
2,86,solve_x, 6.507749000E-03
2,86,etc, 1.771000000E-06
2,86,comm, 2.122730000E-04
2,87,rhs, 1.660051000E-03
2,87,solve_z, 5.597890000E-03
2,87,solve_y, 6.453471000E-03
2,87,solve_x, 6.514000000E-03
2,87,etc, 2.042000000E-06
2,87,comm, 2.168100000E-04
2,88,rhs, 1.659171000E-03
2,88,solve_z, 5.605139000E-03
2,88,solve_y, 6.498144000E-03
2,88,solve_x, 6.534710000E-03
2,88,etc, 2.126000000E-06
2,88,comm, 2.243320000E-04
2,89,rhs, 1.665137000E-03
2,89,solve_z, 5.607400000E-03
2,89,solve_y, 6.463146000E-03
2,89,solve_x, 6.529076000E-03
2,89,etc, 1.767000000E-06
2,89,comm, 2.286200000E-04
2,90,rhs, 1.661603000E-03
2,90,solve_z, 5.596366000E-03
2,90,solve_y, 6.451070000E-03
2,90,solve_x, 6.515314000E-03
2,90,etc, 1.762000000E-06
2,90,comm, 2.254490000E-04
2,91,rhs, 1.657191000E-03
2,91,solve_z, 5.604167000E-03
2,91,solve_y, 6.460630000E-03
2,91,solve_x, 6.502817000E-03
2,91,etc, 1.715000000E-06
2,91,comm, 2.150690000E-04
2,92,rhs, 1.661203000E-03
2,92,solve_z, 5.600051000E-03
2,92,solve_y, 6.487139000E-03
2,92,solve_x, 6.516145000E-03
2,92,etc, 1.726000000E-06
2,92,comm, 2.135280000E-04
2,93,rhs, 1.660343000E-03
2,93,solve_z, 5.595549000E-03
2,93,solve_y, 6.483407000E-03
2,93,solve_x, 6.526226000E-03
2,93,etc, 1.803000000E-06
2,93,comm, 2.298910000E-04
2,94,rhs, 1.660797000E-03
2,94,solve_z, 5.598954000E-03
2,94,solve_y, 6.470052000E-03
2,94,solve_x, 6.530378000E-03
2,94,etc, 1.707000000E-06
2,94,comm, 2.205880000E-04
2,95,rhs, 1.657241000E-03
2,95,solve_z, 5.616359000E-03
2,95,solve_y, 6.476251000E-03
2,95,solve_x, 6.519759000E-03
2,95,etc, 1.749000000E-06
2,95,comm, 2.126650000E-04
2,96,rhs, 1.659187000E-03
2,96,solve_z, 5.591006000E-03
2,96,solve_y, 6.474287000E-03
2,96,solve_x, 6.597477000E-03
2,96,etc, 1.773000000E-06
2,96,comm, 2.098940000E-04
2,97,rhs, 1.661880000E-03
2,97,solve_z, 5.594303000E-03
2,97,solve_y, 6.464369000E-03
2,97,solve_x, 6.502892000E-03
2,97,etc, 1.715000000E-06
2,97,comm, 2.321560000E-04
2,98,rhs, 1.658995000E-03
2,98,solve_z, 5.586817000E-03
2,98,solve_y, 6.480068000E-03
2,98,solve_x, 6.524764000E-03
2,98,etc, 1.831000000E-06
2,98,comm, 2.196670000E-04
2,99,rhs, 1.658313000E-03
2,99,solve_z, 5.606699000E-03
2,99,solve_y, 6.457000000E-03
2,99,solve_x, 6.529700000E-03
2,99,etc, 1.842000000E-06
2,99,comm, 2.270920000E-04
2,100,rhs, 1.655843000E-03
2,100,solve_z, 5.602846000E-03
2,100,solve_y, 6.493957000E-03
2,100,solve_x, 6.523523000E-03
2,100,etc, 1.759000000E-06
2,100,comm, 2.205360000E-04
2,101,rhs, 1.661896000E-03
2,101,solve_z, 5.593364000E-03
2,101,solve_y, 6.479650000E-03
2,101,solve_x, 6.511418000E-03
2,101,etc, 1.795000000E-06
2,101,comm, 2.160810000E-04
2,102,rhs, 1.661118000E-03
2,102,solve_z, 5.612682000E-03
2,102,solve_y, 6.469329000E-03
2,102,solve_x, 6.518016000E-03
2,102,etc, 1.716000000E-06
2,102,comm, 2.160710000E-04
2,103,rhs, 1.660505000E-03
2,103,solve_z, 5.595745000E-03
2,103,solve_y, 6.498208000E-03
2,103,solve_x, 6.492778000E-03
2,103,etc, 1.744000000E-06
2,103,comm, 2.227420000E-04
2,104,rhs, 1.659227000E-03
2,104,solve_z, 5.597640000E-03
2,104,solve_y, 6.481802000E-03
2,104,solve_x, 6.528938000E-03
2,104,etc, 1.804000000E-06
2,104,comm, 2.123460000E-04
2,105,rhs, 1.661530000E-03
2,105,solve_z, 5.603639000E-03
2,105,solve_y, 6.465780000E-03
2,105,solve_x, 6.539184000E-03
2,105,etc, 1.770000000E-06
2,105,comm, 2.303000000E-04
2,106,rhs, 1.660425000E-03
2,106,solve_z, 5.610130000E-03
2,106,solve_y, 6.461216000E-03
2,106,solve_x, 6.523859000E-03
2,106,etc, 1.820000000E-06
2,106,comm, 2.177150000E-04
2,107,rhs, 1.661288000E-03
2,107,solve_z, 5.604317000E-03
2,107,solve_y, 6.470280000E-03
2,107,solve_x, 6.540780000E-03
2,107,etc, 1.732000000E-06
2,107,comm, 2.181500000E-04
2,108,rhs, 1.660499000E-03
2,108,solve_z, 5.605805000E-03
2,108,solve_y, 6.453651000E-03
2,108,solve_x, 6.534177000E-03
2,108,etc, 1.915000000E-06
2,108,comm, 2.241380000E-04
2,109,rhs, 1.657579000E-03
2,109,solve_z, 5.584282000E-03
2,109,solve_y, 6.470442000E-03
2,109,solve_x, 6.506519000E-03
2,109,etc, 1.781000000E-06
2,109,comm, 2.174350000E-04
2,110,rhs, 1.662259000E-03
2,110,solve_z, 5.607639000E-03
2,110,solve_y, 6.480416000E-03
2,110,solve_x, 6.511504000E-03
2,110,etc, 1.690000000E-06
2,110,comm, 2.146310000E-04
2,111,rhs, 1.660197000E-03
2,111,solve_z, 5.586244000E-03
2,111,solve_y, 6.468880000E-03
2,111,solve_x, 6.527712000E-03
2,111,etc, 1.808000000E-06
2,111,comm, 2.154380000E-04
2,112,rhs, 1.659234000E-03
2,112,solve_z, 5.609686000E-03
2,112,solve_y, 6.469228000E-03
2,112,solve_x, 6.536530000E-03
2,112,etc, 1.973000000E-06
2,112,comm, 2.341200000E-04
2,113,rhs, 1.662184000E-03
2,113,solve_z, 5.589679000E-03
2,113,solve_y, 6.507266000E-03
2,113,solve_x, 6.537567000E-03
2,113,etc, 1.711000000E-06
2,113,comm, 2.150020000E-04
2,114,rhs, 1.660449000E-03
2,114,solve_z, 5.596929000E-03
2,114,solve_y, 6.484696000E-03
2,114,solve_x, 6.516419000E-03
2,114,etc, 1.760000000E-06
2,114,comm, 2.195910000E-04
2,115,rhs, 1.660298000E-03
2,115,solve_z, 5.585378000E-03
2,115,solve_y, 6.472407000E-03
2,115,solve_x, 6.500798000E-03
2,115,etc, 1.695000000E-06
2,115,comm, 2.186720000E-04
2,116,rhs, 1.659298000E-03
2,116,solve_z, 5.602481000E-03
2,116,solve_y, 6.451640000E-03
2,116,solve_x, 6.502173000E-03
2,116,etc, 1.862000000E-06
2,116,comm, 2.176140000E-04
2,117,rhs, 1.657205000E-03
2,117,solve_z, 5.595311000E-03
2,117,solve_y, 6.472343000E-03
2,117,solve_x, 6.524713000E-03
2,117,etc, 1.780000000E-06
2,117,comm, 2.105830000E-04
2,118,rhs, 1.657686000E-03
2,118,solve_z, 5.601737000E-03
2,118,solve_y, 6.441265000E-03
2,118,solve_x, 6.533073000E-03
2,118,etc, 2.083000000E-06
2,118,comm, 2.246640000E-04
2,119,rhs, 1.661666000E-03
2,119,solve_z, 5.599227000E-03
2,119,solve_y, 6.463402000E-03
2,119,solve_x, 6.547435000E-03
2,119,etc, 1.765000000E-06
2,119,comm, 2.133050000E-04
2,120,rhs, 1.656712000E-03
2,120,solve_z, 5.604670000E-03
2,120,solve_y, 6.458325000E-03
2,120,solve_x, 6.517994000E-03
2,120,etc, 1.754000000E-06
2,120,comm, 2.193060000E-04
2,121,rhs, 1.663072000E-03
2,121,solve_z, 5.621712000E-03
2,121,solve_y, 6.455395000E-03
2,121,solve_x, 6.532491000E-03
2,121,etc, 1.818000000E-06
2,121,comm, 2.237320000E-04
2,122,rhs, 1.656949000E-03
2,122,solve_z, 5.597866000E-03
2,122,solve_y, 6.453077000E-03
2,122,solve_x, 6.505343000E-03
2,122,etc, 1.835000000E-06
2,122,comm, 2.146110000E-04
2,123,rhs, 1.657907000E-03
2,123,solve_z, 5.610007000E-03
2,123,solve_y, 6.469941000E-03
2,123,solve_x, 6.531540000E-03
2,123,etc, 1.943000000E-06
2,123,comm, 2.133120000E-04
2,124,rhs, 1.662272000E-03
2,124,solve_z, 5.604184000E-03
2,124,solve_y, 6.466961000E-03
2,124,solve_x, 6.532122000E-03
2,124,etc, 2.315000000E-06
2,124,comm, 2.194360000E-04
2,125,rhs, 1.657902000E-03
2,125,solve_z, 5.605617000E-03
2,125,solve_y, 6.480786000E-03
2,125,solve_x, 6.530729000E-03
2,125,etc, 1.716000000E-06
2,125,comm, 2.141720000E-04
2,126,rhs, 1.662033000E-03
2,126,solve_z, 5.604107000E-03
2,126,solve_y, 6.462313000E-03
2,126,solve_x, 6.511084000E-03
2,126,etc, 1.883000000E-06
2,126,comm, 2.144160000E-04
2,127,rhs, 1.661096000E-03
2,127,solve_z, 5.607404000E-03
2,127,solve_y, 6.467950000E-03
2,127,solve_x, 6.523134000E-03
2,127,etc, 1.764000000E-06
2,127,comm, 2.174040000E-04
3,1,rhs, 1.759082000E-03
3,1,solve_z, 5.578187000E-03
3,1,solve_y, 6.513198000E-03
3,1,solve_x, 6.492740000E-03
3,1,etc, 2.254000000E-06
3,1,comm, 2.515840000E-04
3,2,rhs, 1.754267000E-03
3,2,solve_z, 5.564629000E-03
3,2,solve_y, 6.496281000E-03
3,2,solve_x, 6.503335000E-03
3,2,etc, 2.131000000E-06
3,2,comm, 2.353120000E-04
3,3,rhs, 1.756922000E-03
3,3,solve_z, 5.569482000E-03
3,3,solve_y, 6.485315000E-03
3,3,solve_x, 6.514998000E-03
3,3,etc, 1.732000000E-06
3,3,comm, 2.220180000E-04
3,4,rhs, 1.759622000E-03
3,4,solve_z, 5.571320000E-03
3,4,solve_y, 6.522160000E-03
3,4,solve_x, 6.489135000E-03
3,4,etc, 1.906000000E-06
3,4,comm, 2.201540000E-04
3,5,rhs, 1.674377000E-03
3,5,solve_z, 5.602819000E-03
3,5,solve_y, 6.470914000E-03
3,5,solve_x, 6.522573000E-03
3,5,etc, 1.691000000E-06
3,5,comm, 2.198430000E-04
3,6,rhs, 1.666513000E-03
3,6,solve_z, 5.608696000E-03
3,6,solve_y, 6.502386000E-03
3,6,solve_x, 6.508112000E-03
3,6,etc, 1.643000000E-06
3,6,comm, 2.227470000E-04
3,7,rhs, 1.665625000E-03
3,7,solve_z, 5.602499000E-03
3,7,solve_y, 6.457766000E-03
3,7,solve_x, 6.506975000E-03
3,7,etc, 1.643000000E-06
3,7,comm, 2.260220000E-04
3,8,rhs, 1.664795000E-03
3,8,solve_z, 5.596308000E-03
3,8,solve_y, 6.480905000E-03
3,8,solve_x, 6.519549000E-03
3,8,etc, 1.781000000E-06
3,8,comm, 2.202810000E-04
3,9,rhs, 1.667177000E-03
3,9,solve_z, 5.586998000E-03
3,9,solve_y, 6.488411000E-03
3,9,solve_x, 6.512589000E-03
3,9,etc, 1.954000000E-06
3,9,comm, 2.191780000E-04
3,10,rhs, 1.662721000E-03
3,10,solve_z, 5.595527000E-03
3,10,solve_y, 6.503907000E-03
3,10,solve_x, 6.546076000E-03
3,10,etc, 1.599000000E-06
3,10,comm, 2.199830000E-04
3,11,rhs, 1.669933000E-03
3,11,solve_z, 5.595846000E-03
3,11,solve_y, 6.492873000E-03
3,11,solve_x, 6.531373000E-03
3,11,etc, 1.744000000E-06
3,11,comm, 2.355740000E-04
3,12,rhs, 1.665661000E-03
3,12,solve_z, 5.604141000E-03
3,12,solve_y, 6.484179000E-03
3,12,solve_x, 6.535055000E-03
3,12,etc, 1.810000000E-06
3,12,comm, 2.247640000E-04
3,13,rhs, 1.665250000E-03
3,13,solve_z, 5.586086000E-03
3,13,solve_y, 6.463925000E-03
3,13,solve_x, 6.535359000E-03
3,13,etc, 1.807000000E-06
3,13,comm, 2.402480000E-04
3,14,rhs, 1.664438000E-03
3,14,solve_z, 5.610925000E-03
3,14,solve_y, 6.481522000E-03
3,14,solve_x, 6.541298000E-03
3,14,etc, 1.897000000E-06
3,14,comm, 2.334490000E-04
3,15,rhs, 1.667535000E-03
3,15,solve_z, 5.603281000E-03
3,15,solve_y, 6.477384000E-03
3,15,solve_x, 6.536036000E-03
3,15,etc, 1.904000000E-06
3,15,comm, 2.279880000E-04
3,16,rhs, 1.668879000E-03
3,16,solve_z, 5.601007000E-03
3,16,solve_y, 6.467260000E-03
3,16,solve_x, 6.533115000E-03
3,16,etc, 2.043000000E-06
3,16,comm, 2.299250000E-04
3,17,rhs, 1.664724000E-03
3,17,solve_z, 5.589048000E-03
3,17,solve_y, 6.474576000E-03
3,17,solve_x, 6.553572000E-03
3,17,etc, 2.058000000E-06
3,17,comm, 2.428770000E-04
3,18,rhs, 1.670014000E-03
3,18,solve_z, 5.601941000E-03
3,18,solve_y, 6.437257000E-03
3,18,solve_x, 6.613090000E-03
3,18,etc, 1.757000000E-06
3,18,comm, 2.232320000E-04
3,19,rhs, 1.665807000E-03
3,19,solve_z, 5.611782000E-03
3,19,solve_y, 6.474014000E-03
3,19,solve_x, 6.530267000E-03
3,19,etc, 2.072000000E-06
3,19,comm, 2.275510000E-04
3,20,rhs, 1.664558000E-03
3,20,solve_z, 5.609125000E-03
3,20,solve_y, 6.467780000E-03
3,20,solve_x, 6.537068000E-03
3,20,etc, 2.352000000E-06
3,20,comm, 2.341070000E-04
3,21,rhs, 1.663982000E-03
3,21,solve_z, 5.600938000E-03
3,21,solve_y, 6.501910000E-03
3,21,solve_x, 6.552372000E-03
3,21,etc, 1.700000000E-06
3,21,comm, 2.271110000E-04
3,22,rhs, 1.666457000E-03
3,22,solve_z, 5.603198000E-03
3,22,solve_y, 6.479722000E-03
3,22,solve_x, 6.532246000E-03
3,22,etc, 2.396000000E-06
3,22,comm, 2.349850000E-04
3,23,rhs, 1.667016000E-03
3,23,solve_z, 5.599244000E-03
3,23,solve_y, 6.471441000E-03
3,23,solve_x, 6.542205000E-03
3,23,etc, 1.950000000E-06
3,23,comm, 2.250900000E-04
3,24,rhs, 1.666684000E-03
3,24,solve_z, 5.593185000E-03
3,24,solve_y, 6.658535000E-03
3,24,solve_x, 6.553347000E-03
3,24,etc, 1.661000000E-06
3,24,comm, 2.298210000E-04
3,25,rhs, 1.671227000E-03
3,25,solve_z, 5.604818000E-03
3,25,solve_y, 6.453980000E-03
3,25,solve_x, 6.535192000E-03
3,25,etc, 1.613000000E-06
3,25,comm, 2.309630000E-04
3,26,rhs, 1.663527000E-03
3,26,solve_z, 5.599454000E-03
3,26,solve_y, 6.479499000E-03
3,26,solve_x, 6.522043000E-03
3,26,etc, 1.892000000E-06
3,26,comm, 2.253190000E-04
3,27,rhs, 1.668843000E-03
3,27,solve_z, 5.601324000E-03
3,27,solve_y, 6.466520000E-03
3,27,solve_x, 6.544667000E-03
3,27,etc, 1.964000000E-06
3,27,comm, 2.363710000E-04
3,28,rhs, 1.664229000E-03
3,28,solve_z, 5.604228000E-03
3,28,solve_y, 6.481974000E-03
3,28,solve_x, 6.530309000E-03
3,28,etc, 1.669000000E-06
3,28,comm, 2.159110000E-04
3,29,rhs, 1.664194000E-03
3,29,solve_z, 5.602867000E-03
3,29,solve_y, 6.495924000E-03
3,29,solve_x, 6.519915000E-03
3,29,etc, 1.906000000E-06
3,29,comm, 2.217640000E-04
3,30,rhs, 1.673485000E-03
3,30,solve_z, 5.601853000E-03
3,30,solve_y, 6.507230000E-03
3,30,solve_x, 6.525155000E-03
3,30,etc, 2.249000000E-06
3,30,comm, 2.962850000E-04
3,31,rhs, 1.669997000E-03
3,31,solve_z, 5.615368000E-03
3,31,solve_y, 6.456851000E-03
3,31,solve_x, 6.521147000E-03
3,31,etc, 1.837000000E-06
3,31,comm, 2.258810000E-04
3,32,rhs, 1.662791000E-03
3,32,solve_z, 5.600376000E-03
3,32,solve_y, 6.492264000E-03
3,32,solve_x, 6.522141000E-03
3,32,etc, 1.576000000E-06
3,32,comm, 2.214900000E-04
3,33,rhs, 1.664919000E-03
3,33,solve_z, 5.597029000E-03
3,33,solve_y, 6.461416000E-03
3,33,solve_x, 6.533218000E-03
3,33,etc, 1.806000000E-06
3,33,comm, 2.301650000E-04
3,34,rhs, 1.667076000E-03
3,34,solve_z, 5.591849000E-03
3,34,solve_y, 6.456409000E-03
3,34,solve_x, 6.517948000E-03
3,34,etc, 1.783000000E-06
3,34,comm, 2.243740000E-04
3,35,rhs, 1.665073000E-03
3,35,solve_z, 5.604730000E-03
3,35,solve_y, 6.465060000E-03
3,35,solve_x, 6.510958000E-03
3,35,etc, 1.804000000E-06
3,35,comm, 2.172780000E-04
3,36,rhs, 1.664961000E-03
3,36,solve_z, 5.597376000E-03
3,36,solve_y, 6.454031000E-03
3,36,solve_x, 6.518723000E-03
3,36,etc, 1.717000000E-06
3,36,comm, 2.196000000E-04
3,37,rhs, 1.665349000E-03
3,37,solve_z, 5.601890000E-03
3,37,solve_y, 6.474014000E-03
3,37,solve_x, 6.526696000E-03
3,37,etc, 1.705000000E-06
3,37,comm, 2.179150000E-04
3,38,rhs, 1.664896000E-03
3,38,solve_z, 5.594452000E-03
3,38,solve_y, 6.465079000E-03
3,38,solve_x, 6.529666000E-03
3,38,etc, 1.630000000E-06
3,38,comm, 2.189980000E-04
3,39,rhs, 1.666886000E-03
3,39,solve_z, 5.593635000E-03
3,39,solve_y, 6.493862000E-03
3,39,solve_x, 6.518127000E-03
3,39,etc, 1.652000000E-06
3,39,comm, 2.174140000E-04
3,40,rhs, 1.663479000E-03
3,40,solve_z, 5.595163000E-03
3,40,solve_y, 6.489175000E-03
3,40,solve_x, 6.534931000E-03
3,40,etc, 1.924000000E-06
3,40,comm, 2.196190000E-04
3,41,rhs, 1.668728000E-03
3,41,solve_z, 5.603033000E-03
3,41,solve_y, 6.467961000E-03
3,41,solve_x, 6.512397000E-03
3,41,etc, 1.885000000E-06
3,41,comm, 2.206030000E-04
3,42,rhs, 1.664316000E-03
3,42,solve_z, 5.592507000E-03
3,42,solve_y, 6.448939000E-03
3,42,solve_x, 6.531035000E-03
3,42,etc, 1.805000000E-06
3,42,comm, 2.138930000E-04
3,43,rhs, 1.665457000E-03
3,43,solve_z, 5.590371000E-03
3,43,solve_y, 6.480360000E-03
3,43,solve_x, 6.520794000E-03
3,43,etc, 1.755000000E-06
3,43,comm, 2.134000000E-04
3,44,rhs, 1.661727000E-03
3,44,solve_z, 5.585757000E-03
3,44,solve_y, 6.479368000E-03
3,44,solve_x, 6.509067000E-03
3,44,etc, 1.620000000E-06
3,44,comm, 2.225890000E-04
3,45,rhs, 1.666418000E-03
3,45,solve_z, 5.589657000E-03
3,45,solve_y, 6.458384000E-03
3,45,solve_x, 6.557468000E-03
3,45,etc, 1.574000000E-06
3,45,comm, 2.206850000E-04
3,46,rhs, 1.664578000E-03
3,46,solve_z, 5.594346000E-03
3,46,solve_y, 6.457457000E-03
3,46,solve_x, 6.513575000E-03
3,46,etc, 1.609000000E-06
3,46,comm, 2.142300000E-04
3,47,rhs, 1.665477000E-03
3,47,solve_z, 5.596741000E-03
3,47,solve_y, 6.469739000E-03
3,47,solve_x, 6.517144000E-03
3,47,etc, 1.923000000E-06
3,47,comm, 2.229150000E-04
3,48,rhs, 1.664819000E-03
3,48,solve_z, 5.585322000E-03
3,48,solve_y, 6.454698000E-03
3,48,solve_x, 6.520290000E-03
3,48,etc, 1.801000000E-06
3,48,comm, 2.128260000E-04
3,49,rhs, 1.666015000E-03
3,49,solve_z, 5.598964000E-03
3,49,solve_y, 6.468293000E-03
3,49,solve_x, 6.529526000E-03
3,49,etc, 1.582000000E-06
3,49,comm, 2.203060000E-04
3,50,rhs, 1.665111000E-03
3,50,solve_z, 5.592436000E-03
3,50,solve_y, 6.475309000E-03
3,50,solve_x, 6.512786000E-03
3,50,etc, 1.566000000E-06
3,50,comm, 2.113770000E-04
3,51,rhs, 1.665669000E-03
3,51,solve_z, 5.599869000E-03
3,51,solve_y, 6.459137000E-03
3,51,solve_x, 6.504243000E-03
3,51,etc, 1.695000000E-06
3,51,comm, 2.260800000E-04
3,52,rhs, 1.664898000E-03
3,52,solve_z, 5.596095000E-03
3,52,solve_y, 6.454042000E-03
3,52,solve_x, 6.528952000E-03
3,52,etc, 1.708000000E-06
3,52,comm, 2.159300000E-04
3,53,rhs, 1.663011000E-03
3,53,solve_z, 5.608063000E-03
3,53,solve_y, 6.497552000E-03
3,53,solve_x, 6.517260000E-03
3,53,etc, 1.733000000E-06
3,53,comm, 2.194690000E-04
3,54,rhs, 1.665404000E-03
3,54,solve_z, 5.593247000E-03
3,54,solve_y, 6.467633000E-03
3,54,solve_x, 6.515232000E-03
3,54,etc, 1.807000000E-06
3,54,comm, 2.249220000E-04
3,55,rhs, 1.666617000E-03
3,55,solve_z, 5.592968000E-03
3,55,solve_y, 6.475794000E-03
3,55,solve_x, 6.508346000E-03
3,55,etc, 2.177000000E-06
3,55,comm, 2.209330000E-04
3,56,rhs, 1.667805000E-03
3,56,solve_z, 5.605466000E-03
3,56,solve_y, 6.448100000E-03
3,56,solve_x, 6.520875000E-03
3,56,etc, 1.621000000E-06
3,56,comm, 2.329780000E-04
3,57,rhs, 1.664084000E-03
3,57,solve_z, 5.595776000E-03
3,57,solve_y, 6.473628000E-03
3,57,solve_x, 6.514737000E-03
3,57,etc, 1.593000000E-06
3,57,comm, 2.200850000E-04
3,58,rhs, 1.666016000E-03
3,58,solve_z, 5.590671000E-03
3,58,solve_y, 6.474185000E-03
3,58,solve_x, 6.514114000E-03
3,58,etc, 1.806000000E-06
3,58,comm, 2.223040000E-04
3,59,rhs, 1.665761000E-03
3,59,solve_z, 5.586888000E-03
3,59,solve_y, 6.492863000E-03
3,59,solve_x, 6.529039000E-03
3,59,etc, 2.042000000E-06
3,59,comm, 2.310950000E-04
3,60,rhs, 1.666300000E-03
3,60,solve_z, 5.613353000E-03
3,60,solve_y, 6.487719000E-03
3,60,solve_x, 6.511090000E-03
3,60,etc, 1.651000000E-06
3,60,comm, 2.132320000E-04
3,61,rhs, 1.667146000E-03
3,61,solve_z, 5.591401000E-03
3,61,solve_y, 6.457117000E-03
3,61,solve_x, 6.520949000E-03
3,61,etc, 1.635000000E-06
3,61,comm, 2.147980000E-04
3,62,rhs, 1.663594000E-03
3,62,solve_z, 5.588730000E-03
3,62,solve_y, 6.459241000E-03
3,62,solve_x, 6.515752000E-03
3,62,etc, 1.984000000E-06
3,62,comm, 2.272390000E-04
3,63,rhs, 1.664265000E-03
3,63,solve_z, 5.591624000E-03
3,63,solve_y, 6.458732000E-03
3,63,solve_x, 6.531872000E-03
3,63,etc, 1.590000000E-06
3,63,comm, 2.128660000E-04
3,64,rhs, 1.667268000E-03
3,64,solve_z, 5.590942000E-03
3,64,solve_y, 6.467062000E-03
3,64,solve_x, 6.515091000E-03
3,64,etc, 1.747000000E-06
3,64,comm, 2.167440000E-04
3,65,rhs, 1.665160000E-03
3,65,solve_z, 5.593802000E-03
3,65,solve_y, 6.482139000E-03
3,65,solve_x, 6.524850000E-03
3,65,etc, 1.655000000E-06
3,65,comm, 2.129200000E-04
3,66,rhs, 1.664010000E-03
3,66,solve_z, 5.599168000E-03
3,66,solve_y, 6.458369000E-03
3,66,solve_x, 6.507902000E-03
3,66,etc, 1.605000000E-06
3,66,comm, 2.083410000E-04
3,67,rhs, 1.666005000E-03
3,67,solve_z, 5.598935000E-03
3,67,solve_y, 6.473570000E-03
3,67,solve_x, 6.516523000E-03
3,67,etc, 2.001000000E-06
3,67,comm, 2.197870000E-04
3,68,rhs, 1.666072000E-03
3,68,solve_z, 5.596224000E-03
3,68,solve_y, 6.459581000E-03
3,68,solve_x, 6.541706000E-03
3,68,etc, 1.947000000E-06
3,68,comm, 2.195610000E-04
3,69,rhs, 1.664420000E-03
3,69,solve_z, 5.585226000E-03
3,69,solve_y, 6.457927000E-03
3,69,solve_x, 6.534082000E-03
3,69,etc, 1.588000000E-06
3,69,comm, 2.190620000E-04
3,70,rhs, 1.665785000E-03
3,70,solve_z, 5.610603000E-03
3,70,solve_y, 6.486318000E-03
3,70,solve_x, 6.524686000E-03
3,70,etc, 1.738000000E-06
3,70,comm, 2.124170000E-04
3,71,rhs, 1.667401000E-03
3,71,solve_z, 5.618623000E-03
3,71,solve_y, 6.492041000E-03
3,71,solve_x, 6.522201000E-03
3,71,etc, 1.782000000E-06
3,71,comm, 2.260010000E-04
3,72,rhs, 1.664898000E-03
3,72,solve_z, 5.605059000E-03
3,72,solve_y, 6.500436000E-03
3,72,solve_x, 6.532441000E-03
3,72,etc, 1.672000000E-06
3,72,comm, 2.283580000E-04
3,73,rhs, 1.662794000E-03
3,73,solve_z, 5.596658000E-03
3,73,solve_y, 6.470309000E-03
3,73,solve_x, 6.532344000E-03
3,73,etc, 1.699000000E-06
3,73,comm, 2.193930000E-04
3,74,rhs, 1.667096000E-03
3,74,solve_z, 5.596397000E-03
3,74,solve_y, 6.473660000E-03
3,74,solve_x, 6.519785000E-03
3,74,etc, 1.763000000E-06
3,74,comm, 2.181220000E-04
3,75,rhs, 1.673078000E-03
3,75,solve_z, 5.625147000E-03
3,75,solve_y, 6.508405000E-03
3,75,solve_x, 6.533312000E-03
3,75,etc, 1.714000000E-06
3,75,comm, 2.159370000E-04
3,76,rhs, 1.671197000E-03
3,76,solve_z, 5.586593000E-03
3,76,solve_y, 6.473389000E-03
3,76,solve_x, 6.511538000E-03
3,76,etc, 1.917000000E-06
3,76,comm, 2.393480000E-04
3,77,rhs, 1.665741000E-03
3,77,solve_z, 5.598949000E-03
3,77,solve_y, 6.487805000E-03
3,77,solve_x, 6.514197000E-03
3,77,etc, 2.148000000E-06
3,77,comm, 2.343210000E-04
3,78,rhs, 1.668671000E-03
3,78,solve_z, 5.589716000E-03
3,78,solve_y, 6.509828000E-03
3,78,solve_x, 6.524036000E-03
3,78,etc, 1.648000000E-06
3,78,comm, 2.168040000E-04
3,79,rhs, 1.663241000E-03
3,79,solve_z, 5.584758000E-03
3,79,solve_y, 6.473173000E-03
3,79,solve_x, 6.542055000E-03
3,79,etc, 1.651000000E-06
3,79,comm, 2.175100000E-04
3,80,rhs, 1.665330000E-03
3,80,solve_z, 5.600512000E-03
3,80,solve_y, 6.451423000E-03
3,80,solve_x, 6.502497000E-03
3,80,etc, 1.817000000E-06
3,80,comm, 2.222350000E-04
3,81,rhs, 1.668787000E-03
3,81,solve_z, 5.603850000E-03
3,81,solve_y, 6.456729000E-03
3,81,solve_x, 6.520721000E-03
3,81,etc, 1.780000000E-06
3,81,comm, 2.173700000E-04
3,82,rhs, 1.669056000E-03
3,82,solve_z, 5.587035000E-03
3,82,solve_y, 6.472014000E-03
3,82,solve_x, 6.517949000E-03
3,82,etc, 1.705000000E-06
3,82,comm, 2.143530000E-04
3,83,rhs, 1.665035000E-03
3,83,solve_z, 5.605822000E-03
3,83,solve_y, 6.470704000E-03
3,83,solve_x, 6.530128000E-03
3,83,etc, 1.834000000E-06
3,83,comm, 2.212010000E-04
3,84,rhs, 1.666626000E-03
3,84,solve_z, 5.604528000E-03
3,84,solve_y, 6.479537000E-03
3,84,solve_x, 6.522931000E-03
3,84,etc, 1.760000000E-06
3,84,comm, 2.121020000E-04
3,85,rhs, 1.665815000E-03
3,85,solve_z, 5.594628000E-03
3,85,solve_y, 6.483808000E-03
3,85,solve_x, 6.536713000E-03
3,85,etc, 1.835000000E-06
3,85,comm, 2.155570000E-04
3,86,rhs, 1.666512000E-03
3,86,solve_z, 5.595671000E-03
3,86,solve_y, 6.480165000E-03
3,86,solve_x, 6.505081000E-03
3,86,etc, 1.713000000E-06
3,86,comm, 2.117340000E-04
3,87,rhs, 1.666230000E-03
3,87,solve_z, 5.591531000E-03
3,87,solve_y, 6.445657000E-03
3,87,solve_x, 6.506535000E-03
3,87,etc, 1.917000000E-06
3,87,comm, 2.150500000E-04
3,88,rhs, 1.665581000E-03
3,88,solve_z, 5.615299000E-03
3,88,solve_y, 6.489392000E-03
3,88,solve_x, 6.535699000E-03
3,88,etc, 1.688000000E-06
3,88,comm, 2.239630000E-04
3,89,rhs, 1.670097000E-03
3,89,solve_z, 5.592774000E-03
3,89,solve_y, 6.454340000E-03
3,89,solve_x, 6.533084000E-03
3,89,etc, 2.107000000E-06
3,89,comm, 2.273840000E-04
3,90,rhs, 1.665495000E-03
3,90,solve_z, 5.591067000E-03
3,90,solve_y, 6.442641000E-03
3,90,solve_x, 6.525385000E-03
3,90,etc, 1.874000000E-06
3,90,comm, 2.232610000E-04
3,91,rhs, 1.667196000E-03
3,91,solve_z, 5.593995000E-03
3,91,solve_y, 6.456093000E-03
3,91,solve_x, 6.504199000E-03
3,91,etc, 1.763000000E-06
3,91,comm, 2.136360000E-04
3,92,rhs, 1.665131000E-03
3,92,solve_z, 5.603506000E-03
3,92,solve_y, 6.478619000E-03
3,92,solve_x, 6.515246000E-03
3,92,etc, 1.706000000E-06
3,92,comm, 2.121320000E-04
3,93,rhs, 1.669600000E-03
3,93,solve_z, 5.582339000E-03
3,93,solve_y, 6.473907000E-03
3,93,solve_x, 6.531026000E-03
3,93,etc, 1.770000000E-06
3,93,comm, 2.299320000E-04
3,94,rhs, 1.665705000E-03
3,94,solve_z, 5.616294000E-03
3,94,solve_y, 6.462181000E-03
3,94,solve_x, 6.538045000E-03
3,94,etc, 1.711000000E-06
3,94,comm, 2.184920000E-04
3,95,rhs, 1.667397000E-03
3,95,solve_z, 5.592681000E-03
3,95,solve_y, 6.469747000E-03
3,95,solve_x, 6.523284000E-03
3,95,etc, 1.765000000E-06
3,95,comm, 2.114630000E-04
3,96,rhs, 1.663621000E-03
3,96,solve_z, 5.600388000E-03
3,96,solve_y, 6.465778000E-03
3,96,solve_x, 6.529313000E-03
3,96,etc, 1.670000000E-06
3,96,comm, 2.091560000E-04
3,97,rhs, 1.668775000E-03
3,97,solve_z, 5.593311000E-03
3,97,solve_y, 6.460851000E-03
3,97,solve_x, 6.524811000E-03
3,97,etc, 1.893000000E-06
3,97,comm, 2.314620000E-04
3,98,rhs, 1.665851000E-03
3,98,solve_z, 5.603764000E-03
3,98,solve_y, 6.473163000E-03
3,98,solve_x, 6.517637000E-03
3,98,etc, 1.791000000E-06
3,98,comm, 2.188680000E-04
3,99,rhs, 1.665748000E-03
3,99,solve_z, 5.597486000E-03
3,99,solve_y, 6.451245000E-03
3,99,solve_x, 6.525823000E-03
3,99,etc, 1.826000000E-06
3,99,comm, 2.246010000E-04
3,100,rhs, 1.665106000E-03
3,100,solve_z, 5.602708000E-03
3,100,solve_y, 6.488537000E-03
3,100,solve_x, 6.519127000E-03
3,100,etc, 1.629000000E-06
3,100,comm, 2.201450000E-04
3,101,rhs, 1.669662000E-03
3,101,solve_z, 5.590178000E-03
3,101,solve_y, 6.471744000E-03
3,101,solve_x, 6.512798000E-03
3,101,etc, 1.695000000E-06
3,101,comm, 2.139580000E-04
3,102,rhs, 1.666001000E-03
3,102,solve_z, 5.599002000E-03
3,102,solve_y, 6.462581000E-03
3,102,solve_x, 6.522446000E-03
3,102,etc, 1.729000000E-06
3,102,comm, 2.164960000E-04
3,103,rhs, 1.665963000E-03
3,103,solve_z, 5.602158000E-03
3,103,solve_y, 6.492853000E-03
3,103,solve_x, 6.510294000E-03
3,103,etc, 1.727000000E-06
3,103,comm, 2.220260000E-04
3,104,rhs, 1.663919000E-03
3,104,solve_z, 5.591965000E-03
3,104,solve_y, 6.475577000E-03
3,104,solve_x, 6.587837000E-03
3,104,etc, 1.691000000E-06
3,104,comm, 2.097030000E-04
3,105,rhs, 1.664289000E-03
3,105,solve_z, 5.611744000E-03
3,105,solve_y, 6.458117000E-03
3,105,solve_x, 6.526879000E-03
3,105,etc, 1.842000000E-06
3,105,comm, 2.292490000E-04
3,106,rhs, 1.667895000E-03
3,106,solve_z, 5.593944000E-03
3,106,solve_y, 6.451544000E-03
3,106,solve_x, 6.597823000E-03
3,106,etc, 1.560000000E-06
3,106,comm, 2.159090000E-04
3,107,rhs, 1.665358000E-03
3,107,solve_z, 5.593944000E-03
3,107,solve_y, 6.463131000E-03
3,107,solve_x, 6.506032000E-03
3,107,etc, 1.864000000E-06
3,107,comm, 2.165560000E-04
3,108,rhs, 1.666742000E-03
3,108,solve_z, 5.603742000E-03
3,108,solve_y, 6.444448000E-03
3,108,solve_x, 6.519829000E-03
3,108,etc, 1.756000000E-06
3,108,comm, 2.228010000E-04
3,109,rhs, 1.664694000E-03
3,109,solve_z, 5.592291000E-03
3,109,solve_y, 6.464757000E-03
3,109,solve_x, 6.502775000E-03
3,109,etc, 1.581000000E-06
3,109,comm, 2.149390000E-04
3,110,rhs, 1.665146000E-03
3,110,solve_z, 5.594364000E-03
3,110,solve_y, 6.473698000E-03
3,110,solve_x, 6.517853000E-03
3,110,etc, 1.711000000E-06
3,110,comm, 2.133150000E-04
3,111,rhs, 1.664502000E-03
3,111,solve_z, 5.605386000E-03
3,111,solve_y, 6.460428000E-03
3,111,solve_x, 6.519788000E-03
3,111,etc, 1.758000000E-06
3,111,comm, 2.150040000E-04
3,112,rhs, 1.667325000E-03
3,112,solve_z, 5.597647000E-03
3,112,solve_y, 6.460578000E-03
3,112,solve_x, 6.530488000E-03
3,112,etc, 1.566000000E-06
3,112,comm, 2.308540000E-04
3,113,rhs, 1.666527000E-03
3,113,solve_z, 5.600221000E-03
3,113,solve_y, 6.500693000E-03
3,113,solve_x, 6.534930000E-03
3,113,etc, 1.732000000E-06
3,113,comm, 2.146520000E-04
3,114,rhs, 1.665373000E-03
3,114,solve_z, 5.611817000E-03
3,114,solve_y, 6.478754000E-03
3,114,solve_x, 6.544169000E-03
3,114,etc, 1.863000000E-06
3,114,comm, 2.193020000E-04
3,115,rhs, 1.660843000E-03
3,115,solve_z, 5.591521000E-03
3,115,solve_y, 6.464113000E-03
3,115,solve_x, 6.537899000E-03
3,115,etc, 1.713000000E-06
3,115,comm, 2.169050000E-04
3,116,rhs, 1.665547000E-03
3,116,solve_z, 5.596353000E-03
3,116,solve_y, 6.444169000E-03
3,116,solve_x, 6.515422000E-03
3,116,etc, 1.792000000E-06
3,116,comm, 2.164330000E-04
3,117,rhs, 1.662378000E-03
3,117,solve_z, 5.598156000E-03
3,117,solve_y, 6.465874000E-03
3,117,solve_x, 6.520940000E-03
3,117,etc, 1.640000000E-06
3,117,comm, 2.093550000E-04
3,118,rhs, 1.661181000E-03
3,118,solve_z, 5.604332000E-03
3,118,solve_y, 6.434110000E-03
3,118,solve_x, 6.544156000E-03
3,118,etc, 1.738000000E-06
3,118,comm, 2.229990000E-04
3,119,rhs, 1.663760000E-03
3,119,solve_z, 5.583085000E-03
3,119,solve_y, 6.458889000E-03
3,119,solve_x, 6.535374000E-03
3,119,etc, 1.683000000E-06
3,119,comm, 2.124420000E-04
3,120,rhs, 1.666528000E-03
3,120,solve_z, 5.582497000E-03
3,120,solve_y, 6.446404000E-03
3,120,solve_x, 6.517062000E-03
3,120,etc, 2.007000000E-06
3,120,comm, 2.181930000E-04
3,121,rhs, 1.665220000E-03
3,121,solve_z, 5.595773000E-03
3,121,solve_y, 6.447378000E-03
3,121,solve_x, 6.536266000E-03
3,121,etc, 1.693000000E-06
3,121,comm, 2.213940000E-04
3,122,rhs, 1.666833000E-03
3,122,solve_z, 5.588709000E-03
3,122,solve_y, 6.445145000E-03
3,122,solve_x, 6.500343000E-03
3,122,etc, 1.618000000E-06
3,122,comm, 2.130380000E-04
3,123,rhs, 1.664897000E-03
3,123,solve_z, 5.600109000E-03
3,123,solve_y, 6.463457000E-03
3,123,solve_x, 6.531765000E-03
3,123,etc, 1.972000000E-06
3,123,comm, 2.121730000E-04
3,124,rhs, 1.665911000E-03
3,124,solve_z, 5.589618000E-03
3,124,solve_y, 6.458355000E-03
3,124,solve_x, 6.532568000E-03
3,124,etc, 1.812000000E-06
3,124,comm, 2.181190000E-04
3,125,rhs, 1.666183000E-03
3,125,solve_z, 5.593628000E-03
3,125,solve_y, 6.472867000E-03
3,125,solve_x, 6.530924000E-03
3,125,etc, 1.642000000E-06
3,125,comm, 2.134640000E-04
3,126,rhs, 1.667711000E-03
3,126,solve_z, 5.596778000E-03
3,126,solve_y, 6.454757000E-03
3,126,solve_x, 6.538407000E-03
3,126,etc, 1.871000000E-06
3,126,comm, 2.136010000E-04
3,127,rhs, 1.668592000E-03
3,127,solve_z, 5.594169000E-03
3,127,solve_y, 6.459540000E-03
3,127,solve_x, 6.544156000E-03
3,127,etc, 2.159000000E-06
3,127,comm, 2.180330000E-04
